ISO-10303-21;
HEADER;
/* Generated by software containing ST-Developer
 * from STEP Tools, Inc. (www.steptools.com) 
 */
/* OPTION: using custom renumber hook */

FILE_DESCRIPTION(
/* description */ ('STEP AP242 Edition 2',
'CAx-IF Rec.Pracs.---Representation and Presentation of Product Manufa
cturing Information (PMI)---4.0---2014-10-13',
'CAx-IF Rec.Pracs.---3D Tessellated Geometry---0.4---2014-09-14','2;1',
'CAx-IF Rec.Pracs.---User Defined Attributes---1.5---2016-08-15'),
/* implementation_level */ '2;1');

FILE_NAME(
/* name */ 'Part Studio 1',
/* time_stamp */ '2026-09-15T12:49:50Z',
/* author */ (''),
/* organization */ (''),
/* preprocessor_version */ 'ST-DEVELOPER v20',
/* originating_system */ 'ONSHAPE BY PTC INC, 1.220',
/* authorisation */ '  ');

FILE_SCHEMA (('AP242_MANAGED_MODEL_BASED_3D_ENGINEERING_MIM_LF { 1 0 10303 442 3 1 4 }'));
ENDSEC;

DATA;
#10=SHAPE_REPRESENTATION_RELATIONSHIP('','',#3127,#11);
#11=ADVANCED_BREP_SHAPE_REPRESENTATION('',(#3125),#5214);
#12=B_SPLINE_SURFACE_WITH_KNOTS('',3,1,((#4594,#4595),(#4596,#4597),(#4598,
#4599),(#4600,#4601)),.SURF_OF_LINEAR_EXTRUSION.,.F.,.F.,.F.,(4,4),(2,2),
(2.06322643889394,2.49775994669055),(0.,1.),.PIECEWISE_BEZIER_KNOTS.);
#13=B_SPLINE_SURFACE_WITH_KNOTS('',3,1,((#4627,#4628),(#4629,#4630),(#4631,
#4632),(#4633,#4634)),.SURF_OF_LINEAR_EXTRUSION.,.F.,.F.,.F.,(4,4),(2,2),
(3.78542536048904,4.21995886828564),(0.,1.),.PIECEWISE_BEZIER_KNOTS.);
#14=B_SPLINE_SURFACE_WITH_KNOTS('',3,1,((#4761,#4762),(#4763,#4764),(#4765,
#4766),(#4767,#4768)),.SURF_OF_LINEAR_EXTRUSION.,.F.,.F.,.F.,(4,4),(2,2),
(2.06322643889394,2.49775994669056),(0.,1.),.PIECEWISE_BEZIER_KNOTS.);
#15=B_SPLINE_SURFACE_WITH_KNOTS('',3,1,((#4796,#4797),(#4798,#4799),(#4800,
#4801),(#4802,#4803)),.SURF_OF_LINEAR_EXTRUSION.,.F.,.F.,.F.,(4,4),(2,2),
(3.78542536048903,4.21995886828564),(0.,1.),.PIECEWISE_BEZIER_KNOTS.);
#16=B_SPLINE_SURFACE_WITH_KNOTS('',3,1,((#4989,#4990),(#4991,#4992),(#4993,
#4994),(#4995,#4996),(#4997,#4998),(#4999,#5000),(#5001,#5002),(#5003,#5004),
(#5005,#5006),(#5007,#5008),(#5009,#5010)),.SURF_OF_LINEAR_EXTRUSION.,.F.,
 .F.,.F.,(4,1,1,1,1,1,1,1,4),(2,2),(-0.000234839501141598,0.124794515436501,
0.249823870374144,0.374853225311786,0.499882580249429,0.624911935187072,
0.749941290124715,0.874970645062357,1.),(0.,1.),.UNSPECIFIED.);
#17=B_SPLINE_SURFACE_WITH_KNOTS('',3,1,((#5054,#5055),(#5056,#5057),(#5058,
#5059),(#5060,#5061),(#5062,#5063),(#5064,#5065),(#5066,#5067),(#5068,#5069),
(#5070,#5071),(#5072,#5073),(#5074,#5075)),.SURF_OF_LINEAR_EXTRUSION.,.F.,
 .F.,.F.,(4,1,1,1,1,1,1,1,4),(2,2),(0.,0.125,0.25,0.375,0.5,0.625,0.75,
0.875,1.),(0.,1.),.UNSPECIFIED.);
#18=B_SPLINE_CURVE_WITH_KNOTS('',3,(#4481,#4482,#4483,#4484,#4485,#4486),
 .UNSPECIFIED.,.F.,.F.,(4,1,1,4),(0.,0.363046659859165,0.677520399529388,
1.),.UNSPECIFIED.);
#19=B_SPLINE_CURVE_WITH_KNOTS('',3,(#4487,#4488,#4489,#4490,#4491,#4492,
#4493,#4494,#4495),.UNSPECIFIED.,.F.,.F.,(4,3,1,1,4),(-0.01,0.,0.363046659859165,
0.677520399529388,1.),.UNSPECIFIED.);
#20=B_SPLINE_CURVE_WITH_KNOTS('',3,(#4602,#4603,#4604,#4605),
 .UNSPECIFIED.,.F.,.F.,(4,4),(0.,0.000655393821422925),.UNSPECIFIED.);
#21=B_SPLINE_CURVE_WITH_KNOTS('',3,(#4638,#4639,#4640,#4641),
 .UNSPECIFIED.,.F.,.F.,(4,4),(0.,0.000655393821422925),.UNSPECIFIED.);
#22=B_SPLINE_CURVE_WITH_KNOTS('',3,(#4769,#4770,#4771,#4772),
 .UNSPECIFIED.,.F.,.F.,(4,4),(0.,0.000655393821422889),.UNSPECIFIED.);
#23=B_SPLINE_CURVE_WITH_KNOTS('',3,(#4807,#4808,#4809,#4810),
 .UNSPECIFIED.,.F.,.F.,(4,4),(3.14650339589291E-17,0.000655393821422845),
 .UNSPECIFIED.);
#24=B_SPLINE_CURVE_WITH_KNOTS('',3,(#5011,#5012,#5013,#5014,#5015,#5016,
#5017,#5018,#5019),.UNSPECIFIED.,.F.,.F.,(4,3,1,1,4),(-0.01,0.,0.363046659859165,
0.677520399529388,1.),.UNSPECIFIED.);
#25=B_SPLINE_CURVE_WITH_KNOTS('',3,(#5076,#5077,#5078,#5079,#5080,#5081),
 .UNSPECIFIED.,.F.,.F.,(4,1,1,4),(0.,0.363046659859165,0.677520399529388,
1.),.UNSPECIFIED.);
#26=ELLIPSE('',#3158,0.00738747829477652,0.00426892795689018);
#27=ELLIPSE('',#3163,0.00738747829477652,0.00426892795689018);
#28=ELLIPSE('',#3167,0.00738747829477652,0.00426892795689018);
#29=ELLIPSE('',#3190,0.00738747829477652,0.00426892795689018);
#30=ELLIPSE('',#3199,0.00738747829477652,0.00426892795689018);
#31=ELLIPSE('',#3205,0.00738747829477652,0.00426892795689018);
#32=ELLIPSE('',#3225,0.00738747829477652,0.00426892795689018);
#33=ELLIPSE('',#3232,0.00738747829477652,0.00426892795689018);
#34=CYLINDRICAL_SURFACE('',#3145,0.00254);
#35=CYLINDRICAL_SURFACE('',#3152,0.00392853291078794);
#36=CYLINDRICAL_SURFACE('',#3169,0.00392853291078782);
#37=CYLINDRICAL_SURFACE('',#3175,0.00254);
#38=CYLINDRICAL_SURFACE('',#3201,0.00392853291078782);
#39=CYLINDRICAL_SURFACE('',#3228,0.00392853291078778);
#40=CYLINDRICAL_SURFACE('',#3249,0.000875);
#41=CYLINDRICAL_SURFACE('',#3251,0.00115);
#42=CYLINDRICAL_SURFACE('',#3253,0.00115);
#43=CYLINDRICAL_SURFACE('',#3255,0.000875);
#44=CYLINDRICAL_SURFACE('',#3257,0.000875);
#45=CYLINDRICAL_SURFACE('',#3259,0.000875);
#46=CYLINDRICAL_SURFACE('',#3261,0.000875);
#47=CYLINDRICAL_SURFACE('',#3263,0.00115);
#48=CYLINDRICAL_SURFACE('',#3265,0.00115);
#49=CYLINDRICAL_SURFACE('',#3267,0.00254);
#50=CYLINDRICAL_SURFACE('',#3270,0.00253533603904558);
#51=CYLINDRICAL_SURFACE('',#3275,0.000875);
#52=CYLINDRICAL_SURFACE('',#3291,0.00137610173055267);
#53=CYLINDRICAL_SURFACE('',#3308,0.0013761017305527);
#54=CYLINDRICAL_SURFACE('',#3313,0.00213168079557611);
#55=CYLINDRICAL_SURFACE('',#3321,0.00137610173055266);
#56=CYLINDRICAL_SURFACE('',#3328,0.000724264068711927);
#57=CYLINDRICAL_SURFACE('',#3332,0.00110801971722301);
#58=CYLINDRICAL_SURFACE('',#3334,0.000579411254969541);
#59=CYLINDRICAL_SURFACE('',#3336,0.00110801971722301);
#60=CYLINDRICAL_SURFACE('',#3345,0.00213168079557616);
#61=CYLINDRICAL_SURFACE('',#3348,0.00137610173055281);
#62=CYLINDRICAL_SURFACE('',#3353,0.00115);
#63=CYLINDRICAL_SURFACE('',#3356,0.00115);
#64=CYLINDRICAL_SURFACE('',#3359,0.00115);
#65=CYLINDRICAL_SURFACE('',#3362,0.00115);
#66=CIRCLE('',#3133,0.00115);
#67=CIRCLE('',#3134,0.00115);
#68=CIRCLE('',#3135,0.000875);
#69=CIRCLE('',#3136,0.00137610173055281);
#70=CIRCLE('',#3137,0.00213168079557616);
#71=CIRCLE('',#3138,0.00254);
#72=CIRCLE('',#3139,0.00392853291078782);
#73=CIRCLE('',#3140,0.00392853291078782);
#74=CIRCLE('',#3141,0.00254);
#75=CIRCLE('',#3142,0.00213168079557611);
#76=CIRCLE('',#3143,0.00137610173055266);
#77=CIRCLE('',#3146,0.00254);
#78=CIRCLE('',#3147,0.00254);
#79=CIRCLE('',#3149,0.00392853291078794);
#80=CIRCLE('',#3150,0.00392853291078778);
#81=CIRCLE('',#3151,0.000724264068711927);
#82=CIRCLE('',#3153,0.00392853291078794);
#83=CIRCLE('',#3154,0.00392853291078794);
#84=CIRCLE('',#3157,0.00110801971722301);
#85=CIRCLE('',#3159,0.000875);
#86=CIRCLE('',#3161,0.000875);
#87=CIRCLE('',#3162,0.00110801971722301);
#88=CIRCLE('',#3164,0.000579411254969541);
#89=CIRCLE('',#3166,0.000875);
#90=CIRCLE('',#3168,0.00392853291078782);
#91=CIRCLE('',#3170,0.00392853291078782);
#92=CIRCLE('',#3171,0.00392853291078782);
#93=CIRCLE('',#3176,0.00254);
#94=CIRCLE('',#3177,0.00254);
#95=CIRCLE('',#3178,0.00254);
#96=CIRCLE('',#3179,0.00254);
#97=CIRCLE('',#3180,0.00254);
#98=CIRCLE('',#3182,0.00115);
#99=CIRCLE('',#3183,0.00115);
#100=CIRCLE('',#3184,0.000875);
#101=CIRCLE('',#3185,0.00253533603904558);
#102=CIRCLE('',#3187,0.0013761017305527);
#103=CIRCLE('',#3189,0.00392853291078782);
#104=CIRCLE('',#3191,0.000875);
#105=CIRCLE('',#3194,0.00253533603904558);
#106=CIRCLE('',#3195,0.00137610173055267);
#107=CIRCLE('',#3202,0.00392853291078782);
#108=CIRCLE('',#3203,0.00392853291078782);
#109=CIRCLE('',#3229,0.00392853291078778);
#110=CIRCLE('',#3230,0.00392853291078778);
#111=CIRCLE('',#3250,0.000875);
#112=CIRCLE('',#3252,0.00115);
#113=CIRCLE('',#3254,0.00115);
#114=CIRCLE('',#3256,0.000875);
#115=CIRCLE('',#3258,0.000875);
#116=CIRCLE('',#3260,0.000875);
#117=CIRCLE('',#3262,0.000875);
#118=CIRCLE('',#3264,0.00115);
#119=CIRCLE('',#3266,0.00115);
#120=CIRCLE('',#3268,0.00254);
#121=CIRCLE('',#3269,0.00254);
#122=CIRCLE('',#3271,0.00253533603904558);
#123=CIRCLE('',#3272,0.00253533603904558);
#124=CIRCLE('',#3273,0.00253533603904558);
#125=CIRCLE('',#3276,0.000875);
#126=CIRCLE('',#3278,0.00115);
#127=CIRCLE('',#3279,0.00115);
#128=CIRCLE('',#3280,0.00115);
#129=CIRCLE('',#3281,0.00115);
#130=CIRCLE('',#3292,0.00137610173055267);
#131=CIRCLE('',#3296,0.000724264068711927);
#132=CIRCLE('',#3297,0.00110801971722301);
#133=CIRCLE('',#3298,0.000579411254969541);
#134=CIRCLE('',#3309,0.0013761017305527);
#135=CIRCLE('',#3314,0.00213168079557611);
#136=CIRCLE('',#3322,0.00137610173055266);
#137=CIRCLE('',#3337,0.00110801971722301);
#138=CIRCLE('',#3346,0.00213168079557616);
#139=CIRCLE('',#3349,0.00137610173055281);
#140=CIRCLE('',#3354,0.00115);
#141=CIRCLE('',#3357,0.00115);
#142=CIRCLE('',#3360,0.00115);
#143=CIRCLE('',#3363,0.00115);
#144=ORIENTED_EDGE('',*,*,#1010,.F.);
#145=ORIENTED_EDGE('',*,*,#1011,.T.);
#146=ORIENTED_EDGE('',*,*,#1012,.F.);
#147=ORIENTED_EDGE('',*,*,#1013,.F.);
#148=ORIENTED_EDGE('',*,*,#1014,.F.);
#149=ORIENTED_EDGE('',*,*,#1015,.F.);
#150=ORIENTED_EDGE('',*,*,#1016,.T.);
#151=ORIENTED_EDGE('',*,*,#1017,.T.);
#152=ORIENTED_EDGE('',*,*,#1018,.F.);
#153=ORIENTED_EDGE('',*,*,#1019,.F.);
#154=ORIENTED_EDGE('',*,*,#1020,.F.);
#155=ORIENTED_EDGE('',*,*,#1021,.F.);
#156=ORIENTED_EDGE('',*,*,#1012,.T.);
#157=ORIENTED_EDGE('',*,*,#1022,.T.);
#158=ORIENTED_EDGE('',*,*,#1023,.T.);
#159=ORIENTED_EDGE('',*,*,#1024,.F.);
#160=ORIENTED_EDGE('',*,*,#1025,.T.);
#161=ORIENTED_EDGE('',*,*,#1026,.T.);
#162=ORIENTED_EDGE('',*,*,#1027,.T.);
#163=ORIENTED_EDGE('',*,*,#1028,.T.);
#164=ORIENTED_EDGE('',*,*,#1029,.F.);
#165=ORIENTED_EDGE('',*,*,#1030,.T.);
#166=ORIENTED_EDGE('',*,*,#1031,.T.);
#167=ORIENTED_EDGE('',*,*,#1032,.F.);
#168=ORIENTED_EDGE('',*,*,#1033,.T.);
#169=ORIENTED_EDGE('',*,*,#1034,.F.);
#170=ORIENTED_EDGE('',*,*,#1035,.F.);
#171=ORIENTED_EDGE('',*,*,#1036,.F.);
#172=ORIENTED_EDGE('',*,*,#1013,.T.);
#173=ORIENTED_EDGE('',*,*,#1021,.T.);
#174=ORIENTED_EDGE('',*,*,#1037,.T.);
#175=ORIENTED_EDGE('',*,*,#1038,.F.);
#176=ORIENTED_EDGE('',*,*,#1039,.F.);
#177=ORIENTED_EDGE('',*,*,#1040,.F.);
#178=ORIENTED_EDGE('',*,*,#1041,.T.);
#179=ORIENTED_EDGE('',*,*,#1042,.T.);
#180=ORIENTED_EDGE('',*,*,#1043,.T.);
#181=ORIENTED_EDGE('',*,*,#1044,.T.);
#182=ORIENTED_EDGE('',*,*,#1045,.F.);
#183=ORIENTED_EDGE('',*,*,#1046,.F.);
#184=ORIENTED_EDGE('',*,*,#1047,.F.);
#185=ORIENTED_EDGE('',*,*,#1048,.F.);
#186=ORIENTED_EDGE('',*,*,#1049,.F.);
#187=ORIENTED_EDGE('',*,*,#1050,.T.);
#188=ORIENTED_EDGE('',*,*,#1051,.F.);
#189=ORIENTED_EDGE('',*,*,#1052,.T.);
#190=ORIENTED_EDGE('',*,*,#1053,.F.);
#191=ORIENTED_EDGE('',*,*,#1054,.T.);
#192=ORIENTED_EDGE('',*,*,#1055,.T.);
#193=ORIENTED_EDGE('',*,*,#1016,.F.);
#194=ORIENTED_EDGE('',*,*,#1056,.F.);
#195=ORIENTED_EDGE('',*,*,#1057,.T.);
#196=ORIENTED_EDGE('',*,*,#1058,.T.);
#197=ORIENTED_EDGE('',*,*,#1035,.T.);
#198=ORIENTED_EDGE('',*,*,#1059,.F.);
#199=ORIENTED_EDGE('',*,*,#1060,.T.);
#200=ORIENTED_EDGE('',*,*,#1061,.T.);
#201=ORIENTED_EDGE('',*,*,#1062,.F.);
#202=ORIENTED_EDGE('',*,*,#1063,.F.);
#203=ORIENTED_EDGE('',*,*,#1064,.T.);
#204=ORIENTED_EDGE('',*,*,#1065,.F.);
#205=ORIENTED_EDGE('',*,*,#1066,.F.);
#206=ORIENTED_EDGE('',*,*,#1067,.T.);
#207=ORIENTED_EDGE('',*,*,#1068,.T.);
#208=ORIENTED_EDGE('',*,*,#1025,.F.);
#209=ORIENTED_EDGE('',*,*,#1069,.F.);
#210=ORIENTED_EDGE('',*,*,#1070,.F.);
#211=ORIENTED_EDGE('',*,*,#1071,.T.);
#212=ORIENTED_EDGE('',*,*,#1072,.T.);
#213=ORIENTED_EDGE('',*,*,#1073,.F.);
#214=ORIENTED_EDGE('',*,*,#1074,.F.);
#215=ORIENTED_EDGE('',*,*,#1062,.T.);
#216=ORIENTED_EDGE('',*,*,#1075,.T.);
#217=ORIENTED_EDGE('',*,*,#1076,.T.);
#218=ORIENTED_EDGE('',*,*,#1077,.T.);
#219=ORIENTED_EDGE('',*,*,#1078,.T.);
#220=ORIENTED_EDGE('',*,*,#1079,.F.);
#221=ORIENTED_EDGE('',*,*,#1080,.F.);
#222=ORIENTED_EDGE('',*,*,#1081,.F.);
#223=ORIENTED_EDGE('',*,*,#1082,.F.);
#224=ORIENTED_EDGE('',*,*,#1083,.F.);
#225=ORIENTED_EDGE('',*,*,#1084,.F.);
#226=ORIENTED_EDGE('',*,*,#1085,.T.);
#227=ORIENTED_EDGE('',*,*,#1086,.T.);
#228=ORIENTED_EDGE('',*,*,#1087,.T.);
#229=ORIENTED_EDGE('',*,*,#1088,.F.);
#230=ORIENTED_EDGE('',*,*,#1089,.F.);
#231=ORIENTED_EDGE('',*,*,#1090,.T.);
#232=ORIENTED_EDGE('',*,*,#1091,.F.);
#233=ORIENTED_EDGE('',*,*,#1092,.T.);
#234=ORIENTED_EDGE('',*,*,#1093,.T.);
#235=ORIENTED_EDGE('',*,*,#1094,.T.);
#236=ORIENTED_EDGE('',*,*,#1095,.F.);
#237=ORIENTED_EDGE('',*,*,#1096,.T.);
#238=ORIENTED_EDGE('',*,*,#1097,.F.);
#239=ORIENTED_EDGE('',*,*,#1077,.F.);
#240=ORIENTED_EDGE('',*,*,#1098,.T.);
#241=ORIENTED_EDGE('',*,*,#1099,.T.);
#242=ORIENTED_EDGE('',*,*,#1100,.T.);
#243=ORIENTED_EDGE('',*,*,#1101,.T.);
#244=ORIENTED_EDGE('',*,*,#1102,.T.);
#245=ORIENTED_EDGE('',*,*,#1103,.T.);
#246=ORIENTED_EDGE('',*,*,#1104,.T.);
#247=ORIENTED_EDGE('',*,*,#1105,.T.);
#248=ORIENTED_EDGE('',*,*,#1106,.T.);
#249=ORIENTED_EDGE('',*,*,#1107,.T.);
#250=ORIENTED_EDGE('',*,*,#1108,.F.);
#251=ORIENTED_EDGE('',*,*,#1109,.F.);
#252=ORIENTED_EDGE('',*,*,#1110,.F.);
#253=ORIENTED_EDGE('',*,*,#1111,.T.);
#254=ORIENTED_EDGE('',*,*,#1112,.T.);
#255=ORIENTED_EDGE('',*,*,#1110,.T.);
#256=ORIENTED_EDGE('',*,*,#1113,.T.);
#257=ORIENTED_EDGE('',*,*,#1114,.F.);
#258=ORIENTED_EDGE('',*,*,#1115,.F.);
#259=ORIENTED_EDGE('',*,*,#1040,.T.);
#260=ORIENTED_EDGE('',*,*,#1116,.F.);
#261=ORIENTED_EDGE('',*,*,#1117,.T.);
#262=ORIENTED_EDGE('',*,*,#1118,.T.);
#263=ORIENTED_EDGE('',*,*,#1037,.F.);
#264=ORIENTED_EDGE('',*,*,#1020,.T.);
#265=ORIENTED_EDGE('',*,*,#1119,.T.);
#266=ORIENTED_EDGE('',*,*,#1120,.T.);
#267=ORIENTED_EDGE('',*,*,#1121,.T.);
#268=ORIENTED_EDGE('',*,*,#1122,.T.);
#269=ORIENTED_EDGE('',*,*,#1123,.F.);
#270=ORIENTED_EDGE('',*,*,#1124,.F.);
#271=ORIENTED_EDGE('',*,*,#1125,.F.);
#272=ORIENTED_EDGE('',*,*,#1022,.F.);
#273=ORIENTED_EDGE('',*,*,#1126,.T.);
#274=ORIENTED_EDGE('',*,*,#1127,.T.);
#275=ORIENTED_EDGE('',*,*,#1128,.T.);
#276=ORIENTED_EDGE('',*,*,#1129,.F.);
#277=ORIENTED_EDGE('',*,*,#1130,.T.);
#278=ORIENTED_EDGE('',*,*,#1019,.T.);
#279=ORIENTED_EDGE('',*,*,#1131,.F.);
#280=ORIENTED_EDGE('',*,*,#1132,.T.);
#281=ORIENTED_EDGE('',*,*,#1133,.T.);
#282=ORIENTED_EDGE('',*,*,#1134,.T.);
#283=ORIENTED_EDGE('',*,*,#1135,.F.);
#284=ORIENTED_EDGE('',*,*,#1136,.T.);
#285=ORIENTED_EDGE('',*,*,#1137,.T.);
#286=ORIENTED_EDGE('',*,*,#1138,.T.);
#287=ORIENTED_EDGE('',*,*,#1139,.F.);
#288=ORIENTED_EDGE('',*,*,#1140,.F.);
#289=ORIENTED_EDGE('',*,*,#1141,.F.);
#290=ORIENTED_EDGE('',*,*,#1142,.T.);
#291=ORIENTED_EDGE('',*,*,#1134,.F.);
#292=ORIENTED_EDGE('',*,*,#1143,.T.);
#293=ORIENTED_EDGE('',*,*,#1128,.F.);
#294=ORIENTED_EDGE('',*,*,#1144,.F.);
#295=ORIENTED_EDGE('',*,*,#1145,.T.);
#296=ORIENTED_EDGE('',*,*,#1146,.F.);
#297=ORIENTED_EDGE('',*,*,#1147,.F.);
#298=ORIENTED_EDGE('',*,*,#1148,.T.);
#299=ORIENTED_EDGE('',*,*,#1149,.T.);
#300=ORIENTED_EDGE('',*,*,#1150,.T.);
#301=ORIENTED_EDGE('',*,*,#1151,.F.);
#302=ORIENTED_EDGE('',*,*,#1152,.T.);
#303=ORIENTED_EDGE('',*,*,#1138,.F.);
#304=ORIENTED_EDGE('',*,*,#1153,.F.);
#305=ORIENTED_EDGE('',*,*,#1154,.T.);
#306=ORIENTED_EDGE('',*,*,#1155,.T.);
#307=ORIENTED_EDGE('',*,*,#1156,.T.);
#308=ORIENTED_EDGE('',*,*,#1157,.T.);
#309=ORIENTED_EDGE('',*,*,#1158,.F.);
#310=ORIENTED_EDGE('',*,*,#1159,.T.);
#311=ORIENTED_EDGE('',*,*,#1160,.T.);
#312=ORIENTED_EDGE('',*,*,#1161,.F.);
#313=ORIENTED_EDGE('',*,*,#1162,.T.);
#314=ORIENTED_EDGE('',*,*,#1163,.F.);
#315=ORIENTED_EDGE('',*,*,#1121,.F.);
#316=ORIENTED_EDGE('',*,*,#1164,.F.);
#317=ORIENTED_EDGE('',*,*,#1165,.F.);
#318=ORIENTED_EDGE('',*,*,#1166,.F.);
#319=ORIENTED_EDGE('',*,*,#1167,.F.);
#320=ORIENTED_EDGE('',*,*,#1168,.F.);
#321=ORIENTED_EDGE('',*,*,#1169,.T.);
#322=ORIENTED_EDGE('',*,*,#1170,.T.);
#323=ORIENTED_EDGE('',*,*,#1171,.F.);
#324=ORIENTED_EDGE('',*,*,#1105,.F.);
#325=ORIENTED_EDGE('',*,*,#1172,.T.);
#326=ORIENTED_EDGE('',*,*,#1173,.T.);
#327=ORIENTED_EDGE('',*,*,#1174,.T.);
#328=ORIENTED_EDGE('',*,*,#1175,.F.);
#329=ORIENTED_EDGE('',*,*,#1176,.F.);
#330=ORIENTED_EDGE('',*,*,#1177,.F.);
#331=ORIENTED_EDGE('',*,*,#1178,.F.);
#332=ORIENTED_EDGE('',*,*,#1179,.T.);
#333=ORIENTED_EDGE('',*,*,#1180,.T.);
#334=ORIENTED_EDGE('',*,*,#1181,.T.);
#335=ORIENTED_EDGE('',*,*,#1149,.F.);
#336=ORIENTED_EDGE('',*,*,#1182,.T.);
#337=ORIENTED_EDGE('',*,*,#1183,.F.);
#338=ORIENTED_EDGE('',*,*,#1184,.F.);
#339=ORIENTED_EDGE('',*,*,#1185,.F.);
#340=ORIENTED_EDGE('',*,*,#1186,.T.);
#341=ORIENTED_EDGE('',*,*,#1187,.T.);
#342=ORIENTED_EDGE('',*,*,#1188,.F.);
#343=ORIENTED_EDGE('',*,*,#1147,.T.);
#344=ORIENTED_EDGE('',*,*,#1189,.F.);
#345=ORIENTED_EDGE('',*,*,#1190,.F.);
#346=ORIENTED_EDGE('',*,*,#1172,.F.);
#347=ORIENTED_EDGE('',*,*,#1191,.T.);
#348=ORIENTED_EDGE('',*,*,#1192,.T.);
#349=ORIENTED_EDGE('',*,*,#1193,.T.);
#350=ORIENTED_EDGE('',*,*,#1186,.F.);
#351=ORIENTED_EDGE('',*,*,#1108,.T.);
#352=ORIENTED_EDGE('',*,*,#1194,.T.);
#353=ORIENTED_EDGE('',*,*,#1195,.T.);
#354=ORIENTED_EDGE('',*,*,#1196,.F.);
#355=ORIENTED_EDGE('',*,*,#1197,.F.);
#356=ORIENTED_EDGE('',*,*,#1198,.F.);
#357=ORIENTED_EDGE('',*,*,#1113,.F.);
#358=ORIENTED_EDGE('',*,*,#1109,.T.);
#359=ORIENTED_EDGE('',*,*,#1197,.T.);
#360=ORIENTED_EDGE('',*,*,#1199,.F.);
#361=ORIENTED_EDGE('',*,*,#1200,.T.);
#362=ORIENTED_EDGE('',*,*,#1041,.F.);
#363=ORIENTED_EDGE('',*,*,#1115,.T.);
#364=ORIENTED_EDGE('',*,*,#1201,.T.);
#365=ORIENTED_EDGE('',*,*,#1202,.F.);
#366=ORIENTED_EDGE('',*,*,#1159,.F.);
#367=ORIENTED_EDGE('',*,*,#1203,.F.);
#368=ORIENTED_EDGE('',*,*,#1204,.T.);
#369=ORIENTED_EDGE('',*,*,#1205,.F.);
#370=ORIENTED_EDGE('',*,*,#1160,.F.);
#371=ORIENTED_EDGE('',*,*,#1202,.T.);
#372=ORIENTED_EDGE('',*,*,#1206,.F.);
#373=ORIENTED_EDGE('',*,*,#1207,.T.);
#374=ORIENTED_EDGE('',*,*,#1161,.T.);
#375=ORIENTED_EDGE('',*,*,#1205,.T.);
#376=ORIENTED_EDGE('',*,*,#1208,.F.);
#377=ORIENTED_EDGE('',*,*,#1209,.F.);
#378=ORIENTED_EDGE('',*,*,#1210,.T.);
#379=ORIENTED_EDGE('',*,*,#1206,.T.);
#380=ORIENTED_EDGE('',*,*,#1211,.F.);
#381=ORIENTED_EDGE('',*,*,#1212,.F.);
#382=ORIENTED_EDGE('',*,*,#1213,.T.);
#383=ORIENTED_EDGE('',*,*,#1209,.T.);
#384=ORIENTED_EDGE('',*,*,#1214,.F.);
#385=ORIENTED_EDGE('',*,*,#1215,.F.);
#386=ORIENTED_EDGE('',*,*,#1216,.T.);
#387=ORIENTED_EDGE('',*,*,#1212,.T.);
#388=ORIENTED_EDGE('',*,*,#1217,.T.);
#389=ORIENTED_EDGE('',*,*,#1163,.T.);
#390=ORIENTED_EDGE('',*,*,#1218,.T.);
#391=ORIENTED_EDGE('',*,*,#1215,.T.);
#392=ORIENTED_EDGE('',*,*,#1219,.F.);
#393=ORIENTED_EDGE('',*,*,#1122,.F.);
#394=ORIENTED_EDGE('',*,*,#1220,.F.);
#395=ORIENTED_EDGE('',*,*,#1221,.T.);
#396=ORIENTED_EDGE('',*,*,#1124,.T.);
#397=ORIENTED_EDGE('',*,*,#1222,.F.);
#398=ORIENTED_EDGE('',*,*,#1223,.F.);
#399=ORIENTED_EDGE('',*,*,#1224,.T.);
#400=ORIENTED_EDGE('',*,*,#1049,.T.);
#401=ORIENTED_EDGE('',*,*,#1225,.F.);
#402=ORIENTED_EDGE('',*,*,#1226,.T.);
#403=ORIENTED_EDGE('',*,*,#1223,.T.);
#404=ORIENTED_EDGE('',*,*,#1227,.F.);
#405=ORIENTED_EDGE('',*,*,#1228,.F.);
#406=ORIENTED_EDGE('',*,*,#1229,.T.);
#407=ORIENTED_EDGE('',*,*,#1225,.T.);
#408=ORIENTED_EDGE('',*,*,#1230,.F.);
#409=ORIENTED_EDGE('',*,*,#1231,.F.);
#410=ORIENTED_EDGE('',*,*,#1232,.T.);
#411=ORIENTED_EDGE('',*,*,#1228,.T.);
#412=ORIENTED_EDGE('',*,*,#1233,.F.);
#413=ORIENTED_EDGE('',*,*,#1234,.F.);
#414=ORIENTED_EDGE('',*,*,#1235,.T.);
#415=ORIENTED_EDGE('',*,*,#1051,.T.);
#416=ORIENTED_EDGE('',*,*,#1236,.T.);
#417=ORIENTED_EDGE('',*,*,#1231,.T.);
#418=ORIENTED_EDGE('',*,*,#1237,.F.);
#419=ORIENTED_EDGE('',*,*,#1238,.F.);
#420=ORIENTED_EDGE('',*,*,#1239,.T.);
#421=ORIENTED_EDGE('',*,*,#1234,.T.);
#422=ORIENTED_EDGE('',*,*,#1240,.T.);
#423=ORIENTED_EDGE('',*,*,#1241,.F.);
#424=ORIENTED_EDGE('',*,*,#1242,.T.);
#425=ORIENTED_EDGE('',*,*,#1238,.T.);
#426=ORIENTED_EDGE('',*,*,#1243,.F.);
#427=ORIENTED_EDGE('',*,*,#1244,.F.);
#428=ORIENTED_EDGE('',*,*,#1245,.T.);
#429=ORIENTED_EDGE('',*,*,#1241,.T.);
#430=ORIENTED_EDGE('',*,*,#1246,.T.);
#431=ORIENTED_EDGE('',*,*,#1247,.F.);
#432=ORIENTED_EDGE('',*,*,#1248,.T.);
#433=ORIENTED_EDGE('',*,*,#1030,.F.);
#434=ORIENTED_EDGE('',*,*,#1249,.T.);
#435=ORIENTED_EDGE('',*,*,#1244,.T.);
#436=ORIENTED_EDGE('',*,*,#1250,.T.);
#437=ORIENTED_EDGE('',*,*,#1054,.F.);
#438=ORIENTED_EDGE('',*,*,#1251,.T.);
#439=ORIENTED_EDGE('',*,*,#1069,.T.);
#440=ORIENTED_EDGE('',*,*,#1024,.T.);
#441=ORIENTED_EDGE('',*,*,#1252,.T.);
#442=ORIENTED_EDGE('',*,*,#1253,.F.);
#443=ORIENTED_EDGE('',*,*,#1254,.F.);
#444=ORIENTED_EDGE('',*,*,#1084,.T.);
#445=ORIENTED_EDGE('',*,*,#1255,.F.);
#446=ORIENTED_EDGE('',*,*,#1256,.T.);
#447=ORIENTED_EDGE('',*,*,#1257,.T.);
#448=ORIENTED_EDGE('',*,*,#1258,.F.);
#449=ORIENTED_EDGE('',*,*,#1085,.F.);
#450=ORIENTED_EDGE('',*,*,#1254,.T.);
#451=ORIENTED_EDGE('',*,*,#1259,.F.);
#452=ORIENTED_EDGE('',*,*,#1260,.T.);
#453=ORIENTED_EDGE('',*,*,#1086,.F.);
#454=ORIENTED_EDGE('',*,*,#1258,.T.);
#455=ORIENTED_EDGE('',*,*,#1261,.T.);
#456=ORIENTED_EDGE('',*,*,#1262,.F.);
#457=ORIENTED_EDGE('',*,*,#1263,.T.);
#458=ORIENTED_EDGE('',*,*,#1259,.T.);
#459=ORIENTED_EDGE('',*,*,#1264,.F.);
#460=ORIENTED_EDGE('',*,*,#1265,.F.);
#461=ORIENTED_EDGE('',*,*,#1266,.T.);
#462=ORIENTED_EDGE('',*,*,#1262,.T.);
#463=ORIENTED_EDGE('',*,*,#1267,.T.);
#464=ORIENTED_EDGE('',*,*,#1268,.F.);
#465=ORIENTED_EDGE('',*,*,#1269,.T.);
#466=ORIENTED_EDGE('',*,*,#1265,.T.);
#467=ORIENTED_EDGE('',*,*,#1270,.T.);
#468=ORIENTED_EDGE('',*,*,#1088,.T.);
#469=ORIENTED_EDGE('',*,*,#1271,.T.);
#470=ORIENTED_EDGE('',*,*,#1268,.T.);
#471=ORIENTED_EDGE('',*,*,#1272,.F.);
#472=ORIENTED_EDGE('',*,*,#1273,.F.);
#473=ORIENTED_EDGE('',*,*,#1274,.F.);
#474=ORIENTED_EDGE('',*,*,#1072,.F.);
#475=ORIENTED_EDGE('',*,*,#1275,.F.);
#476=ORIENTED_EDGE('',*,*,#1089,.T.);
#477=ORIENTED_EDGE('',*,*,#1273,.T.);
#478=ORIENTED_EDGE('',*,*,#1276,.F.);
#479=ORIENTED_EDGE('',*,*,#1277,.F.);
#480=ORIENTED_EDGE('',*,*,#1063,.T.);
#481=ORIENTED_EDGE('',*,*,#1074,.T.);
#482=ORIENTED_EDGE('',*,*,#1278,.F.);
#483=ORIENTED_EDGE('',*,*,#1279,.T.);
#484=ORIENTED_EDGE('',*,*,#1064,.F.);
#485=ORIENTED_EDGE('',*,*,#1277,.T.);
#486=ORIENTED_EDGE('',*,*,#1280,.T.);
#487=ORIENTED_EDGE('',*,*,#1281,.F.);
#488=ORIENTED_EDGE('',*,*,#1282,.T.);
#489=ORIENTED_EDGE('',*,*,#1283,.F.);
#490=ORIENTED_EDGE('',*,*,#1094,.F.);
#491=ORIENTED_EDGE('',*,*,#1284,.T.);
#492=ORIENTED_EDGE('',*,*,#1281,.T.);
#493=ORIENTED_EDGE('',*,*,#1285,.F.);
#494=ORIENTED_EDGE('',*,*,#1286,.T.);
#495=ORIENTED_EDGE('',*,*,#1095,.T.);
#496=ORIENTED_EDGE('',*,*,#1283,.T.);
#497=ORIENTED_EDGE('',*,*,#1287,.F.);
#498=ORIENTED_EDGE('',*,*,#1288,.F.);
#499=ORIENTED_EDGE('',*,*,#1289,.T.);
#500=ORIENTED_EDGE('',*,*,#1285,.T.);
#501=ORIENTED_EDGE('',*,*,#1290,.F.);
#502=ORIENTED_EDGE('',*,*,#1291,.F.);
#503=ORIENTED_EDGE('',*,*,#1292,.T.);
#504=ORIENTED_EDGE('',*,*,#1288,.T.);
#505=ORIENTED_EDGE('',*,*,#1293,.F.);
#506=ORIENTED_EDGE('',*,*,#1294,.F.);
#507=ORIENTED_EDGE('',*,*,#1295,.T.);
#508=ORIENTED_EDGE('',*,*,#1291,.T.);
#509=ORIENTED_EDGE('',*,*,#1296,.T.);
#510=ORIENTED_EDGE('',*,*,#1097,.T.);
#511=ORIENTED_EDGE('',*,*,#1297,.T.);
#512=ORIENTED_EDGE('',*,*,#1294,.T.);
#513=ORIENTED_EDGE('',*,*,#1298,.F.);
#514=ORIENTED_EDGE('',*,*,#1078,.F.);
#515=ORIENTED_EDGE('',*,*,#1299,.F.);
#516=ORIENTED_EDGE('',*,*,#1300,.T.);
#517=ORIENTED_EDGE('',*,*,#1080,.T.);
#518=ORIENTED_EDGE('',*,*,#1301,.F.);
#519=ORIENTED_EDGE('',*,*,#1302,.F.);
#520=ORIENTED_EDGE('',*,*,#1303,.T.);
#521=ORIENTED_EDGE('',*,*,#1178,.T.);
#522=ORIENTED_EDGE('',*,*,#1304,.F.);
#523=ORIENTED_EDGE('',*,*,#1305,.T.);
#524=ORIENTED_EDGE('',*,*,#1302,.T.);
#525=ORIENTED_EDGE('',*,*,#1306,.F.);
#526=ORIENTED_EDGE('',*,*,#1307,.F.);
#527=ORIENTED_EDGE('',*,*,#1308,.T.);
#528=ORIENTED_EDGE('',*,*,#1304,.T.);
#529=ORIENTED_EDGE('',*,*,#1309,.T.);
#530=ORIENTED_EDGE('',*,*,#1192,.F.);
#531=ORIENTED_EDGE('',*,*,#1310,.T.);
#532=ORIENTED_EDGE('',*,*,#1307,.T.);
#533=ORIENTED_EDGE('',*,*,#1311,.F.);
#534=ORIENTED_EDGE('',*,*,#1154,.F.);
#535=ORIENTED_EDGE('',*,*,#1312,.T.);
#536=ORIENTED_EDGE('',*,*,#1184,.T.);
#537=ORIENTED_EDGE('',*,*,#1313,.T.);
#538=ORIENTED_EDGE('',*,*,#1314,.F.);
#539=ORIENTED_EDGE('',*,*,#1315,.T.);
#540=ORIENTED_EDGE('',*,*,#1316,.F.);
#541=ORIENTED_EDGE('',*,*,#1317,.T.);
#542=ORIENTED_EDGE('',*,*,#1314,.T.);
#543=ORIENTED_EDGE('',*,*,#1318,.T.);
#544=ORIENTED_EDGE('',*,*,#1319,.F.);
#545=ORIENTED_EDGE('',*,*,#1320,.T.);
#546=ORIENTED_EDGE('',*,*,#1316,.T.);
#547=ORIENTED_EDGE('',*,*,#1321,.T.);
#548=ORIENTED_EDGE('',*,*,#1322,.F.);
#549=ORIENTED_EDGE('',*,*,#1323,.T.);
#550=ORIENTED_EDGE('',*,*,#1319,.T.);
#551=ORIENTED_EDGE('',*,*,#1324,.T.);
#552=ORIENTED_EDGE('',*,*,#1325,.F.);
#553=ORIENTED_EDGE('',*,*,#1326,.T.);
#554=ORIENTED_EDGE('',*,*,#1156,.F.);
#555=ORIENTED_EDGE('',*,*,#1327,.T.);
#556=ORIENTED_EDGE('',*,*,#1322,.T.);
#557=ORIENTED_EDGE('',*,*,#1328,.T.);
#558=ORIENTED_EDGE('',*,*,#1169,.F.);
#559=ORIENTED_EDGE('',*,*,#1329,.F.);
#560=ORIENTED_EDGE('',*,*,#1330,.T.);
#561=ORIENTED_EDGE('',*,*,#1106,.F.);
#562=ORIENTED_EDGE('',*,*,#1171,.T.);
#563=ORIENTED_EDGE('',*,*,#1331,.T.);
#564=ORIENTED_EDGE('',*,*,#1332,.F.);
#565=ORIENTED_EDGE('',*,*,#1333,.T.);
#566=ORIENTED_EDGE('',*,*,#1329,.T.);
#567=ORIENTED_EDGE('',*,*,#1334,.F.);
#568=ORIENTED_EDGE('',*,*,#1335,.F.);
#569=ORIENTED_EDGE('',*,*,#1336,.T.);
#570=ORIENTED_EDGE('',*,*,#1332,.T.);
#571=ORIENTED_EDGE('',*,*,#1337,.T.);
#572=ORIENTED_EDGE('',*,*,#1338,.T.);
#573=ORIENTED_EDGE('',*,*,#1142,.F.);
#574=ORIENTED_EDGE('',*,*,#1339,.F.);
#575=ORIENTED_EDGE('',*,*,#1141,.T.);
#576=ORIENTED_EDGE('',*,*,#1340,.F.);
#577=ORIENTED_EDGE('',*,*,#1140,.T.);
#578=ORIENTED_EDGE('',*,*,#1341,.F.);
#579=ORIENTED_EDGE('',*,*,#1091,.T.);
#580=ORIENTED_EDGE('',*,*,#1342,.T.);
#581=ORIENTED_EDGE('',*,*,#1101,.F.);
#582=ORIENTED_EDGE('',*,*,#1343,.F.);
#583=ORIENTED_EDGE('',*,*,#1166,.T.);
#584=ORIENTED_EDGE('',*,*,#1344,.F.);
#585=ORIENTED_EDGE('',*,*,#1029,.T.);
#586=ORIENTED_EDGE('',*,*,#1345,.T.);
#587=ORIENTED_EDGE('',*,*,#1028,.F.);
#588=ORIENTED_EDGE('',*,*,#1346,.T.);
#589=ORIENTED_EDGE('',*,*,#1027,.F.);
#590=ORIENTED_EDGE('',*,*,#1347,.T.);
#591=ORIENTED_EDGE('',*,*,#1348,.F.);
#592=ORIENTED_EDGE('',*,*,#1349,.T.);
#593=ORIENTED_EDGE('',*,*,#1044,.F.);
#594=ORIENTED_EDGE('',*,*,#1350,.F.);
#595=ORIENTED_EDGE('',*,*,#1351,.T.);
#596=ORIENTED_EDGE('',*,*,#1352,.F.);
#597=ORIENTED_EDGE('',*,*,#1353,.T.);
#598=ORIENTED_EDGE('',*,*,#1145,.F.);
#599=ORIENTED_EDGE('',*,*,#1354,.F.);
#600=ORIENTED_EDGE('',*,*,#1355,.F.);
#601=ORIENTED_EDGE('',*,*,#1356,.T.);
#602=ORIENTED_EDGE('',*,*,#1174,.F.);
#603=ORIENTED_EDGE('',*,*,#1357,.F.);
#604=ORIENTED_EDGE('',*,*,#1195,.F.);
#605=ORIENTED_EDGE('',*,*,#1358,.T.);
#606=ORIENTED_EDGE('',*,*,#1335,.T.);
#607=ORIENTED_EDGE('',*,*,#1359,.T.);
#608=ORIENTED_EDGE('',*,*,#1360,.T.);
#609=ORIENTED_EDGE('',*,*,#1090,.F.);
#610=ORIENTED_EDGE('',*,*,#1313,.F.);
#611=ORIENTED_EDGE('',*,*,#1183,.T.);
#612=ORIENTED_EDGE('',*,*,#1361,.T.);
#613=ORIENTED_EDGE('',*,*,#1187,.F.);
#614=ORIENTED_EDGE('',*,*,#1193,.F.);
#615=ORIENTED_EDGE('',*,*,#1311,.T.);
#616=ORIENTED_EDGE('',*,*,#1309,.F.);
#617=ORIENTED_EDGE('',*,*,#1306,.T.);
#618=ORIENTED_EDGE('',*,*,#1301,.T.);
#619=ORIENTED_EDGE('',*,*,#1079,.T.);
#620=ORIENTED_EDGE('',*,*,#1298,.T.);
#621=ORIENTED_EDGE('',*,*,#1296,.F.);
#622=ORIENTED_EDGE('',*,*,#1293,.T.);
#623=ORIENTED_EDGE('',*,*,#1290,.T.);
#624=ORIENTED_EDGE('',*,*,#1287,.T.);
#625=ORIENTED_EDGE('',*,*,#1282,.F.);
#626=ORIENTED_EDGE('',*,*,#1280,.F.);
#627=ORIENTED_EDGE('',*,*,#1276,.T.);
#628=ORIENTED_EDGE('',*,*,#1073,.T.);
#629=ORIENTED_EDGE('',*,*,#1274,.T.);
#630=ORIENTED_EDGE('',*,*,#1272,.T.);
#631=ORIENTED_EDGE('',*,*,#1270,.F.);
#632=ORIENTED_EDGE('',*,*,#1267,.F.);
#633=ORIENTED_EDGE('',*,*,#1264,.T.);
#634=ORIENTED_EDGE('',*,*,#1261,.F.);
#635=ORIENTED_EDGE('',*,*,#1257,.F.);
#636=ORIENTED_EDGE('',*,*,#1253,.T.);
#637=ORIENTED_EDGE('',*,*,#1362,.T.);
#638=ORIENTED_EDGE('',*,*,#1017,.F.);
#639=ORIENTED_EDGE('',*,*,#1055,.F.);
#640=ORIENTED_EDGE('',*,*,#1250,.F.);
#641=ORIENTED_EDGE('',*,*,#1246,.F.);
#642=ORIENTED_EDGE('',*,*,#1243,.T.);
#643=ORIENTED_EDGE('',*,*,#1240,.F.);
#644=ORIENTED_EDGE('',*,*,#1237,.T.);
#645=ORIENTED_EDGE('',*,*,#1233,.T.);
#646=ORIENTED_EDGE('',*,*,#1230,.T.);
#647=ORIENTED_EDGE('',*,*,#1227,.T.);
#648=ORIENTED_EDGE('',*,*,#1222,.T.);
#649=ORIENTED_EDGE('',*,*,#1123,.T.);
#650=ORIENTED_EDGE('',*,*,#1219,.T.);
#651=ORIENTED_EDGE('',*,*,#1217,.F.);
#652=ORIENTED_EDGE('',*,*,#1214,.T.);
#653=ORIENTED_EDGE('',*,*,#1211,.T.);
#654=ORIENTED_EDGE('',*,*,#1208,.T.);
#655=ORIENTED_EDGE('',*,*,#1204,.F.);
#656=ORIENTED_EDGE('',*,*,#1201,.F.);
#657=ORIENTED_EDGE('',*,*,#1114,.T.);
#658=ORIENTED_EDGE('',*,*,#1198,.T.);
#659=ORIENTED_EDGE('',*,*,#1196,.T.);
#660=ORIENTED_EDGE('',*,*,#1359,.F.);
#661=ORIENTED_EDGE('',*,*,#1337,.F.);
#662=ORIENTED_EDGE('',*,*,#1334,.T.);
#663=ORIENTED_EDGE('',*,*,#1331,.F.);
#664=ORIENTED_EDGE('',*,*,#1170,.F.);
#665=ORIENTED_EDGE('',*,*,#1328,.F.);
#666=ORIENTED_EDGE('',*,*,#1324,.F.);
#667=ORIENTED_EDGE('',*,*,#1321,.F.);
#668=ORIENTED_EDGE('',*,*,#1318,.F.);
#669=ORIENTED_EDGE('',*,*,#1363,.F.);
#670=ORIENTED_EDGE('',*,*,#1364,.F.);
#671=ORIENTED_EDGE('',*,*,#1365,.T.);
#672=ORIENTED_EDGE('',*,*,#1366,.T.);
#673=ORIENTED_EDGE('',*,*,#1305,.F.);
#674=ORIENTED_EDGE('',*,*,#1308,.F.);
#675=ORIENTED_EDGE('',*,*,#1310,.F.);
#676=ORIENTED_EDGE('',*,*,#1191,.F.);
#677=ORIENTED_EDGE('',*,*,#1179,.F.);
#678=ORIENTED_EDGE('',*,*,#1303,.F.);
#679=ORIENTED_EDGE('',*,*,#1263,.F.);
#680=ORIENTED_EDGE('',*,*,#1266,.F.);
#681=ORIENTED_EDGE('',*,*,#1269,.F.);
#682=ORIENTED_EDGE('',*,*,#1271,.F.);
#683=ORIENTED_EDGE('',*,*,#1087,.F.);
#684=ORIENTED_EDGE('',*,*,#1260,.F.);
#685=ORIENTED_EDGE('',*,*,#1297,.F.);
#686=ORIENTED_EDGE('',*,*,#1096,.F.);
#687=ORIENTED_EDGE('',*,*,#1286,.F.);
#688=ORIENTED_EDGE('',*,*,#1289,.F.);
#689=ORIENTED_EDGE('',*,*,#1292,.F.);
#690=ORIENTED_EDGE('',*,*,#1295,.F.);
#691=ORIENTED_EDGE('',*,*,#1249,.F.);
#692=ORIENTED_EDGE('',*,*,#1052,.F.);
#693=ORIENTED_EDGE('',*,*,#1235,.F.);
#694=ORIENTED_EDGE('',*,*,#1239,.F.);
#695=ORIENTED_EDGE('',*,*,#1242,.F.);
#696=ORIENTED_EDGE('',*,*,#1245,.F.);
#697=ORIENTED_EDGE('',*,*,#1236,.F.);
#698=ORIENTED_EDGE('',*,*,#1050,.F.);
#699=ORIENTED_EDGE('',*,*,#1224,.F.);
#700=ORIENTED_EDGE('',*,*,#1226,.F.);
#701=ORIENTED_EDGE('',*,*,#1229,.F.);
#702=ORIENTED_EDGE('',*,*,#1232,.F.);
#703=ORIENTED_EDGE('',*,*,#1218,.F.);
#704=ORIENTED_EDGE('',*,*,#1162,.F.);
#705=ORIENTED_EDGE('',*,*,#1207,.F.);
#706=ORIENTED_EDGE('',*,*,#1210,.F.);
#707=ORIENTED_EDGE('',*,*,#1213,.F.);
#708=ORIENTED_EDGE('',*,*,#1216,.F.);
#709=ORIENTED_EDGE('',*,*,#1333,.F.);
#710=ORIENTED_EDGE('',*,*,#1336,.F.);
#711=ORIENTED_EDGE('',*,*,#1358,.F.);
#712=ORIENTED_EDGE('',*,*,#1194,.F.);
#713=ORIENTED_EDGE('',*,*,#1107,.F.);
#714=ORIENTED_EDGE('',*,*,#1330,.F.);
#715=ORIENTED_EDGE('',*,*,#1317,.F.);
#716=ORIENTED_EDGE('',*,*,#1320,.F.);
#717=ORIENTED_EDGE('',*,*,#1323,.F.);
#718=ORIENTED_EDGE('',*,*,#1327,.F.);
#719=ORIENTED_EDGE('',*,*,#1155,.F.);
#720=ORIENTED_EDGE('',*,*,#1315,.F.);
#721=ORIENTED_EDGE('',*,*,#1177,.T.);
#722=ORIENTED_EDGE('',*,*,#1367,.F.);
#723=ORIENTED_EDGE('',*,*,#1368,.F.);
#724=ORIENTED_EDGE('',*,*,#1299,.T.);
#725=ORIENTED_EDGE('',*,*,#1176,.T.);
#726=ORIENTED_EDGE('',*,*,#1369,.F.);
#727=ORIENTED_EDGE('',*,*,#1370,.F.);
#728=ORIENTED_EDGE('',*,*,#1367,.T.);
#729=ORIENTED_EDGE('',*,*,#1175,.T.);
#730=ORIENTED_EDGE('',*,*,#1356,.F.);
#731=ORIENTED_EDGE('',*,*,#1371,.F.);
#732=ORIENTED_EDGE('',*,*,#1369,.T.);
#733=ORIENTED_EDGE('',*,*,#1144,.T.);
#734=ORIENTED_EDGE('',*,*,#1127,.F.);
#735=ORIENTED_EDGE('',*,*,#1372,.F.);
#736=ORIENTED_EDGE('',*,*,#1354,.T.);
#737=ORIENTED_EDGE('',*,*,#1373,.F.);
#738=ORIENTED_EDGE('',*,*,#1374,.T.);
#739=ORIENTED_EDGE('',*,*,#1026,.F.);
#740=ORIENTED_EDGE('',*,*,#1068,.F.);
#741=ORIENTED_EDGE('',*,*,#1368,.T.);
#742=ORIENTED_EDGE('',*,*,#1370,.T.);
#743=ORIENTED_EDGE('',*,*,#1371,.T.);
#744=ORIENTED_EDGE('',*,*,#1355,.T.);
#745=ORIENTED_EDGE('',*,*,#1372,.T.);
#746=ORIENTED_EDGE('',*,*,#1126,.F.);
#747=ORIENTED_EDGE('',*,*,#1374,.F.);
#748=ORIENTED_EDGE('',*,*,#1375,.F.);
#749=ORIENTED_EDGE('',*,*,#1376,.T.);
#750=ORIENTED_EDGE('',*,*,#1377,.T.);
#751=ORIENTED_EDGE('',*,*,#1278,.T.);
#752=ORIENTED_EDGE('',*,*,#1378,.F.);
#753=ORIENTED_EDGE('',*,*,#1379,.F.);
#754=ORIENTED_EDGE('',*,*,#1380,.F.);
#755=ORIENTED_EDGE('',*,*,#1381,.F.);
#756=ORIENTED_EDGE('',*,*,#1382,.F.);
#757=ORIENTED_EDGE('',*,*,#1075,.F.);
#758=ORIENTED_EDGE('',*,*,#1300,.F.);
#759=ORIENTED_EDGE('',*,*,#1188,.T.);
#760=ORIENTED_EDGE('',*,*,#1361,.F.);
#761=ORIENTED_EDGE('',*,*,#1182,.F.);
#762=ORIENTED_EDGE('',*,*,#1148,.F.);
#763=ORIENTED_EDGE('',*,*,#1173,.F.);
#764=ORIENTED_EDGE('',*,*,#1190,.T.);
#765=ORIENTED_EDGE('',*,*,#1383,.T.);
#766=ORIENTED_EDGE('',*,*,#1357,.T.);
#767=ORIENTED_EDGE('',*,*,#1146,.T.);
#768=ORIENTED_EDGE('',*,*,#1353,.F.);
#769=ORIENTED_EDGE('',*,*,#1384,.F.);
#770=ORIENTED_EDGE('',*,*,#1189,.T.);
#771=ORIENTED_EDGE('',*,*,#1383,.F.);
#772=ORIENTED_EDGE('',*,*,#1185,.T.);
#773=ORIENTED_EDGE('',*,*,#1384,.T.);
#774=ORIENTED_EDGE('',*,*,#1352,.T.);
#775=ORIENTED_EDGE('',*,*,#1153,.T.);
#776=ORIENTED_EDGE('',*,*,#1137,.F.);
#777=ORIENTED_EDGE('',*,*,#1385,.F.);
#778=ORIENTED_EDGE('',*,*,#1312,.F.);
#779=ORIENTED_EDGE('',*,*,#1150,.F.);
#780=ORIENTED_EDGE('',*,*,#1181,.F.);
#781=ORIENTED_EDGE('',*,*,#1386,.T.);
#782=ORIENTED_EDGE('',*,*,#1135,.T.);
#783=ORIENTED_EDGE('',*,*,#1180,.F.);
#784=ORIENTED_EDGE('',*,*,#1385,.T.);
#785=ORIENTED_EDGE('',*,*,#1136,.F.);
#786=ORIENTED_EDGE('',*,*,#1386,.F.);
#787=ORIENTED_EDGE('',*,*,#1387,.F.);
#788=ORIENTED_EDGE('',*,*,#1388,.T.);
#789=ORIENTED_EDGE('',*,*,#1167,.T.);
#790=ORIENTED_EDGE('',*,*,#1104,.F.);
#791=ORIENTED_EDGE('',*,*,#1143,.F.);
#792=ORIENTED_EDGE('',*,*,#1133,.F.);
#793=ORIENTED_EDGE('',*,*,#1389,.T.);
#794=ORIENTED_EDGE('',*,*,#1129,.T.);
#795=ORIENTED_EDGE('',*,*,#1152,.F.);
#796=ORIENTED_EDGE('',*,*,#1390,.F.);
#797=ORIENTED_EDGE('',*,*,#1391,.T.);
#798=ORIENTED_EDGE('',*,*,#1139,.T.);
#799=ORIENTED_EDGE('',*,*,#1151,.T.);
#800=ORIENTED_EDGE('',*,*,#1392,.F.);
#801=ORIENTED_EDGE('',*,*,#1393,.F.);
#802=ORIENTED_EDGE('',*,*,#1390,.T.);
#803=ORIENTED_EDGE('',*,*,#1157,.F.);
#804=ORIENTED_EDGE('',*,*,#1326,.F.);
#805=ORIENTED_EDGE('',*,*,#1394,.T.);
#806=ORIENTED_EDGE('',*,*,#1392,.T.);
#807=ORIENTED_EDGE('',*,*,#1389,.F.);
#808=ORIENTED_EDGE('',*,*,#1132,.F.);
#809=ORIENTED_EDGE('',*,*,#1391,.F.);
#810=ORIENTED_EDGE('',*,*,#1393,.T.);
#811=ORIENTED_EDGE('',*,*,#1394,.F.);
#812=ORIENTED_EDGE('',*,*,#1325,.T.);
#813=ORIENTED_EDGE('',*,*,#1168,.T.);
#814=ORIENTED_EDGE('',*,*,#1388,.F.);
#815=ORIENTED_EDGE('',*,*,#1395,.F.);
#816=ORIENTED_EDGE('',*,*,#1396,.F.);
#817=ORIENTED_EDGE('',*,*,#1111,.F.);
#818=ORIENTED_EDGE('',*,*,#1397,.T.);
#819=ORIENTED_EDGE('',*,*,#1398,.T.);
#820=ORIENTED_EDGE('',*,*,#1117,.F.);
#821=ORIENTED_EDGE('',*,*,#1130,.F.);
#822=ORIENTED_EDGE('',*,*,#1046,.T.);
#823=ORIENTED_EDGE('',*,*,#1399,.F.);
#824=ORIENTED_EDGE('',*,*,#1400,.F.);
#825=ORIENTED_EDGE('',*,*,#1401,.T.);
#826=ORIENTED_EDGE('',*,*,#1045,.T.);
#827=ORIENTED_EDGE('',*,*,#1349,.F.);
#828=ORIENTED_EDGE('',*,*,#1402,.F.);
#829=ORIENTED_EDGE('',*,*,#1399,.T.);
#830=ORIENTED_EDGE('',*,*,#1043,.F.);
#831=ORIENTED_EDGE('',*,*,#1403,.F.);
#832=ORIENTED_EDGE('',*,*,#1404,.T.);
#833=ORIENTED_EDGE('',*,*,#1350,.T.);
#834=ORIENTED_EDGE('',*,*,#1042,.F.);
#835=ORIENTED_EDGE('',*,*,#1200,.F.);
#836=ORIENTED_EDGE('',*,*,#1405,.T.);
#837=ORIENTED_EDGE('',*,*,#1403,.T.);
#838=ORIENTED_EDGE('',*,*,#1158,.T.);
#839=ORIENTED_EDGE('',*,*,#1406,.F.);
#840=ORIENTED_EDGE('',*,*,#1407,.F.);
#841=ORIENTED_EDGE('',*,*,#1203,.T.);
#842=ORIENTED_EDGE('',*,*,#1165,.T.);
#843=ORIENTED_EDGE('',*,*,#1408,.F.);
#844=ORIENTED_EDGE('',*,*,#1409,.F.);
#845=ORIENTED_EDGE('',*,*,#1406,.T.);
#846=ORIENTED_EDGE('',*,*,#1164,.T.);
#847=ORIENTED_EDGE('',*,*,#1120,.F.);
#848=ORIENTED_EDGE('',*,*,#1410,.F.);
#849=ORIENTED_EDGE('',*,*,#1408,.T.);
#850=ORIENTED_EDGE('',*,*,#1048,.T.);
#851=ORIENTED_EDGE('',*,*,#1411,.F.);
#852=ORIENTED_EDGE('',*,*,#1412,.F.);
#853=ORIENTED_EDGE('',*,*,#1220,.T.);
#854=ORIENTED_EDGE('',*,*,#1047,.T.);
#855=ORIENTED_EDGE('',*,*,#1401,.F.);
#856=ORIENTED_EDGE('',*,*,#1413,.F.);
#857=ORIENTED_EDGE('',*,*,#1411,.T.);
#858=ORIENTED_EDGE('',*,*,#1400,.T.);
#859=ORIENTED_EDGE('',*,*,#1402,.T.);
#860=ORIENTED_EDGE('',*,*,#1348,.T.);
#861=ORIENTED_EDGE('',*,*,#1404,.F.);
#862=ORIENTED_EDGE('',*,*,#1405,.F.);
#863=ORIENTED_EDGE('',*,*,#1199,.T.);
#864=ORIENTED_EDGE('',*,*,#1407,.T.);
#865=ORIENTED_EDGE('',*,*,#1409,.T.);
#866=ORIENTED_EDGE('',*,*,#1410,.T.);
#867=ORIENTED_EDGE('',*,*,#1119,.F.);
#868=ORIENTED_EDGE('',*,*,#1221,.F.);
#869=ORIENTED_EDGE('',*,*,#1412,.T.);
#870=ORIENTED_EDGE('',*,*,#1413,.T.);
#871=ORIENTED_EDGE('',*,*,#1038,.T.);
#872=ORIENTED_EDGE('',*,*,#1118,.F.);
#873=ORIENTED_EDGE('',*,*,#1398,.F.);
#874=ORIENTED_EDGE('',*,*,#1414,.T.);
#875=ORIENTED_EDGE('',*,*,#1103,.F.);
#876=ORIENTED_EDGE('',*,*,#1415,.F.);
#877=ORIENTED_EDGE('',*,*,#1395,.T.);
#878=ORIENTED_EDGE('',*,*,#1387,.T.);
#879=ORIENTED_EDGE('',*,*,#1102,.F.);
#880=ORIENTED_EDGE('',*,*,#1112,.F.);
#881=ORIENTED_EDGE('',*,*,#1396,.T.);
#882=ORIENTED_EDGE('',*,*,#1415,.T.);
#883=ORIENTED_EDGE('',*,*,#1039,.T.);
#884=ORIENTED_EDGE('',*,*,#1414,.F.);
#885=ORIENTED_EDGE('',*,*,#1397,.F.);
#886=ORIENTED_EDGE('',*,*,#1116,.T.);
#887=ORIENTED_EDGE('',*,*,#1067,.F.);
#888=ORIENTED_EDGE('',*,*,#1416,.F.);
#889=ORIENTED_EDGE('',*,*,#1375,.T.);
#890=ORIENTED_EDGE('',*,*,#1373,.T.);
#891=ORIENTED_EDGE('',*,*,#1066,.T.);
#892=ORIENTED_EDGE('',*,*,#1417,.F.);
#893=ORIENTED_EDGE('',*,*,#1376,.F.);
#894=ORIENTED_EDGE('',*,*,#1416,.T.);
#895=ORIENTED_EDGE('',*,*,#1065,.T.);
#896=ORIENTED_EDGE('',*,*,#1279,.F.);
#897=ORIENTED_EDGE('',*,*,#1377,.F.);
#898=ORIENTED_EDGE('',*,*,#1417,.T.);
#899=ORIENTED_EDGE('',*,*,#1093,.F.);
#900=ORIENTED_EDGE('',*,*,#1418,.F.);
#901=ORIENTED_EDGE('',*,*,#1378,.T.);
#902=ORIENTED_EDGE('',*,*,#1284,.F.);
#903=ORIENTED_EDGE('',*,*,#1092,.F.);
#904=ORIENTED_EDGE('',*,*,#1419,.F.);
#905=ORIENTED_EDGE('',*,*,#1379,.T.);
#906=ORIENTED_EDGE('',*,*,#1418,.T.);
#907=ORIENTED_EDGE('',*,*,#1100,.F.);
#908=ORIENTED_EDGE('',*,*,#1420,.F.);
#909=ORIENTED_EDGE('',*,*,#1380,.T.);
#910=ORIENTED_EDGE('',*,*,#1419,.T.);
#911=ORIENTED_EDGE('',*,*,#1099,.F.);
#912=ORIENTED_EDGE('',*,*,#1421,.F.);
#913=ORIENTED_EDGE('',*,*,#1381,.T.);
#914=ORIENTED_EDGE('',*,*,#1420,.T.);
#915=ORIENTED_EDGE('',*,*,#1098,.F.);
#916=ORIENTED_EDGE('',*,*,#1076,.F.);
#917=ORIENTED_EDGE('',*,*,#1382,.T.);
#918=ORIENTED_EDGE('',*,*,#1421,.T.);
#919=ORIENTED_EDGE('',*,*,#1082,.T.);
#920=ORIENTED_EDGE('',*,*,#1422,.F.);
#921=ORIENTED_EDGE('',*,*,#1423,.F.);
#922=ORIENTED_EDGE('',*,*,#1424,.T.);
#923=ORIENTED_EDGE('',*,*,#1081,.T.);
#924=ORIENTED_EDGE('',*,*,#1275,.T.);
#925=ORIENTED_EDGE('',*,*,#1425,.F.);
#926=ORIENTED_EDGE('',*,*,#1422,.T.);
#927=ORIENTED_EDGE('',*,*,#1061,.F.);
#928=ORIENTED_EDGE('',*,*,#1426,.F.);
#929=ORIENTED_EDGE('',*,*,#1427,.T.);
#930=ORIENTED_EDGE('',*,*,#1070,.T.);
#931=ORIENTED_EDGE('',*,*,#1060,.F.);
#932=ORIENTED_EDGE('',*,*,#1251,.F.);
#933=ORIENTED_EDGE('',*,*,#1428,.T.);
#934=ORIENTED_EDGE('',*,*,#1426,.T.);
#935=ORIENTED_EDGE('',*,*,#1083,.T.);
#936=ORIENTED_EDGE('',*,*,#1424,.F.);
#937=ORIENTED_EDGE('',*,*,#1429,.F.);
#938=ORIENTED_EDGE('',*,*,#1255,.T.);
#939=ORIENTED_EDGE('',*,*,#1423,.T.);
#940=ORIENTED_EDGE('',*,*,#1425,.T.);
#941=ORIENTED_EDGE('',*,*,#1071,.F.);
#942=ORIENTED_EDGE('',*,*,#1427,.F.);
#943=ORIENTED_EDGE('',*,*,#1428,.F.);
#944=ORIENTED_EDGE('',*,*,#1256,.F.);
#945=ORIENTED_EDGE('',*,*,#1429,.T.);
#946=ORIENTED_EDGE('',*,*,#1031,.F.);
#947=ORIENTED_EDGE('',*,*,#1248,.F.);
#948=ORIENTED_EDGE('',*,*,#1430,.T.);
#949=ORIENTED_EDGE('',*,*,#1431,.T.);
#950=ORIENTED_EDGE('',*,*,#1036,.T.);
#951=ORIENTED_EDGE('',*,*,#1058,.F.);
#952=ORIENTED_EDGE('',*,*,#1432,.F.);
#953=ORIENTED_EDGE('',*,*,#1014,.T.);
#954=ORIENTED_EDGE('',*,*,#1034,.T.);
#955=ORIENTED_EDGE('',*,*,#1433,.F.);
#956=ORIENTED_EDGE('',*,*,#1434,.F.);
#957=ORIENTED_EDGE('',*,*,#1059,.T.);
#958=ORIENTED_EDGE('',*,*,#1033,.F.);
#959=ORIENTED_EDGE('',*,*,#1435,.F.);
#960=ORIENTED_EDGE('',*,*,#1436,.T.);
#961=ORIENTED_EDGE('',*,*,#1433,.T.);
#962=ORIENTED_EDGE('',*,*,#1032,.T.);
#963=ORIENTED_EDGE('',*,*,#1431,.F.);
#964=ORIENTED_EDGE('',*,*,#1437,.F.);
#965=ORIENTED_EDGE('',*,*,#1435,.T.);
#966=ORIENTED_EDGE('',*,*,#1430,.F.);
#967=ORIENTED_EDGE('',*,*,#1247,.T.);
#968=ORIENTED_EDGE('',*,*,#1053,.T.);
#969=ORIENTED_EDGE('',*,*,#1015,.T.);
#970=ORIENTED_EDGE('',*,*,#1432,.T.);
#971=ORIENTED_EDGE('',*,*,#1057,.F.);
#972=ORIENTED_EDGE('',*,*,#1434,.T.);
#973=ORIENTED_EDGE('',*,*,#1436,.F.);
#974=ORIENTED_EDGE('',*,*,#1437,.T.);
#975=ORIENTED_EDGE('',*,*,#1252,.F.);
#976=ORIENTED_EDGE('',*,*,#1438,.T.);
#977=ORIENTED_EDGE('',*,*,#1010,.T.);
#978=ORIENTED_EDGE('',*,*,#1362,.F.);
#979=ORIENTED_EDGE('',*,*,#1023,.F.);
#980=ORIENTED_EDGE('',*,*,#1125,.T.);
#981=ORIENTED_EDGE('',*,*,#1018,.T.);
#982=ORIENTED_EDGE('',*,*,#1011,.F.);
#983=ORIENTED_EDGE('',*,*,#1438,.F.);
#984=ORIENTED_EDGE('',*,*,#1439,.F.);
#985=ORIENTED_EDGE('',*,*,#1363,.T.);
#986=ORIENTED_EDGE('',*,*,#1351,.F.);
#987=ORIENTED_EDGE('',*,*,#1439,.T.);
#988=ORIENTED_EDGE('',*,*,#1440,.F.);
#989=ORIENTED_EDGE('',*,*,#1364,.T.);
#990=ORIENTED_EDGE('',*,*,#1347,.F.);
#991=ORIENTED_EDGE('',*,*,#1440,.T.);
#992=ORIENTED_EDGE('',*,*,#1441,.T.);
#993=ORIENTED_EDGE('',*,*,#1365,.F.);
#994=ORIENTED_EDGE('',*,*,#1441,.F.);
#995=ORIENTED_EDGE('',*,*,#1131,.T.);
#996=ORIENTED_EDGE('',*,*,#1442,.T.);
#997=ORIENTED_EDGE('',*,*,#1366,.F.);
#998=ORIENTED_EDGE('',*,*,#1442,.F.);
#999=ORIENTED_EDGE('',*,*,#1056,.T.);
#1000=ORIENTED_EDGE('',*,*,#1346,.F.);
#1001=ORIENTED_EDGE('',*,*,#1345,.F.);
#1002=ORIENTED_EDGE('',*,*,#1344,.T.);
#1003=ORIENTED_EDGE('',*,*,#1340,.T.);
#1004=ORIENTED_EDGE('',*,*,#1339,.T.);
#1005=ORIENTED_EDGE('',*,*,#1338,.F.);
#1006=ORIENTED_EDGE('',*,*,#1360,.F.);
#1007=ORIENTED_EDGE('',*,*,#1343,.T.);
#1008=ORIENTED_EDGE('',*,*,#1342,.F.);
#1009=ORIENTED_EDGE('',*,*,#1341,.T.);
#1010=EDGE_CURVE('',#1443,#1444,#1740,.T.);
#1011=EDGE_CURVE('',#1443,#1445,#1741,.T.);
#1012=EDGE_CURVE('',#1446,#1445,#1742,.T.);
#1013=EDGE_CURVE('',#1447,#1446,#1743,.T.);
#1014=EDGE_CURVE('',#1448,#1447,#1744,.T.);
#1015=EDGE_CURVE('',#1449,#1448,#1745,.T.);
#1016=EDGE_CURVE('',#1449,#1450,#1746,.T.);
#1017=EDGE_CURVE('',#1450,#1444,#1747,.T.);
#1018=EDGE_CURVE('',#1451,#1445,#1748,.T.);
#1019=EDGE_CURVE('',#1452,#1451,#1749,.T.);
#1020=EDGE_CURVE('',#1453,#1452,#1750,.T.);
#1021=EDGE_CURVE('',#1446,#1453,#1751,.T.);
#1022=EDGE_CURVE('',#1454,#1455,#1752,.T.);
#1023=EDGE_CURVE('',#1455,#1456,#1753,.T.);
#1024=EDGE_CURVE('',#1457,#1456,#1754,.T.);
#1025=EDGE_CURVE('',#1457,#1458,#1755,.T.);
#1026=EDGE_CURVE('',#1458,#1454,#1756,.T.);
#1027=EDGE_CURVE('',#1459,#1459,#66,.T.);
#1028=EDGE_CURVE('',#1460,#1460,#67,.T.);
#1029=EDGE_CURVE('',#1461,#1461,#68,.T.);
#1030=EDGE_CURVE('',#1462,#1463,#1757,.T.);
#1031=EDGE_CURVE('',#1463,#1464,#1758,.T.);
#1032=EDGE_CURVE('',#1465,#1464,#69,.T.);
#1033=EDGE_CURVE('',#1465,#1466,#1759,.T.);
#1034=EDGE_CURVE('',#1467,#1466,#70,.T.);
#1035=EDGE_CURVE('',#1468,#1467,#71,.T.);
#1036=EDGE_CURVE('',#1447,#1468,#1760,.T.);
#1037=EDGE_CURVE('',#1453,#1469,#1761,.T.);
#1038=EDGE_CURVE('',#1470,#1469,#1762,.T.);
#1039=EDGE_CURVE('',#1471,#1470,#1763,.T.);
#1040=EDGE_CURVE('',#1472,#1471,#72,.T.);
#1041=EDGE_CURVE('',#1472,#1473,#73,.T.);
#1042=EDGE_CURVE('',#1473,#1474,#1764,.T.);
#1043=EDGE_CURVE('',#1474,#1475,#1765,.T.);
#1044=EDGE_CURVE('',#1475,#1476,#74,.T.);
#1045=EDGE_CURVE('',#1477,#1476,#75,.T.);
#1046=EDGE_CURVE('',#1478,#1477,#1766,.T.);
#1047=EDGE_CURVE('',#1479,#1478,#76,.T.);
#1048=EDGE_CURVE('',#1480,#1479,#1767,.T.);
#1049=EDGE_CURVE('',#1481,#1480,#1768,.T.);
#1050=EDGE_CURVE('',#1481,#1482,#1769,.T.);
#1051=EDGE_CURVE('',#1483,#1482,#1770,.T.);
#1052=EDGE_CURVE('',#1483,#1462,#1771,.T.);
#1053=EDGE_CURVE('',#1484,#1449,#1772,.T.);
#1054=EDGE_CURVE('',#1484,#1485,#1773,.T.);
#1055=EDGE_CURVE('',#1485,#1450,#1774,.T.);
#1056=EDGE_CURVE('',#1486,#1486,#77,.T.);
#1057=EDGE_CURVE('',#1487,#1488,#78,.T.);
#1058=EDGE_CURVE('',#1488,#1468,#1775,.T.);
#1059=EDGE_CURVE('',#1487,#1467,#1776,.T.);
#1060=EDGE_CURVE('',#1489,#1490,#1777,.T.);
#1061=EDGE_CURVE('',#1490,#1491,#1778,.T.);
#1062=EDGE_CURVE('',#1492,#1491,#79,.T.);
#1063=EDGE_CURVE('',#1493,#1492,#1779,.T.);
#1064=EDGE_CURVE('',#1493,#1494,#80,.T.);
#1065=EDGE_CURVE('',#1495,#1494,#1780,.T.);
#1066=EDGE_CURVE('',#1496,#1495,#1781,.T.);
#1067=EDGE_CURVE('',#1496,#1497,#81,.T.);
#1068=EDGE_CURVE('',#1497,#1458,#1782,.T.);
#1069=EDGE_CURVE('',#1489,#1457,#1783,.T.);
#1070=EDGE_CURVE('',#1498,#1491,#1784,.T.);
#1071=EDGE_CURVE('',#1498,#1499,#82,.T.);
#1072=EDGE_CURVE('',#1499,#1500,#1785,.T.);
#1073=EDGE_CURVE('',#1501,#1500,#83,.T.);
#1074=EDGE_CURVE('',#1492,#1501,#1786,.T.);
#1075=EDGE_CURVE('',#1502,#1503,#1787,.T.);
#1076=EDGE_CURVE('',#1503,#1504,#1788,.T.);
#1077=EDGE_CURVE('',#1504,#1505,#1789,.T.);
#1078=EDGE_CURVE('',#1505,#1506,#1790,.T.);
#1079=EDGE_CURVE('',#1507,#1506,#1791,.T.);
#1080=EDGE_CURVE('',#1502,#1507,#1792,.T.);
#1081=EDGE_CURVE('',#1508,#1509,#1793,.T.);
#1082=EDGE_CURVE('',#1510,#1508,#84,.T.);
#1083=EDGE_CURVE('',#1511,#1510,#1794,.T.);
#1084=EDGE_CURVE('',#1512,#1511,#1795,.T.);
#1085=EDGE_CURVE('',#1512,#1513,#1796,.T.);
#1086=EDGE_CURVE('',#1513,#1514,#1797,.T.);
#1087=EDGE_CURVE('',#1514,#1515,#1798,.T.);
#1088=EDGE_CURVE('',#1516,#1515,#26,.T.);
#1089=EDGE_CURVE('',#1509,#1516,#1799,.T.);
#1090=EDGE_CURVE('',#1517,#1517,#85,.T.);
#1091=EDGE_CURVE('',#1518,#1518,#86,.T.);
#1092=EDGE_CURVE('',#1519,#1520,#87,.T.);
#1093=EDGE_CURVE('',#1520,#1521,#1800,.T.);
#1094=EDGE_CURVE('',#1521,#1522,#1801,.T.);
#1095=EDGE_CURVE('',#1523,#1522,#27,.T.);
#1096=EDGE_CURVE('',#1523,#1524,#1802,.T.);
#1097=EDGE_CURVE('',#1505,#1524,#1803,.T.);
#1098=EDGE_CURVE('',#1504,#1525,#1804,.T.);
#1099=EDGE_CURVE('',#1525,#1526,#88,.T.);
#1100=EDGE_CURVE('',#1526,#1519,#1805,.T.);
#1101=EDGE_CURVE('',#1527,#1527,#89,.T.);
#1102=EDGE_CURVE('',#1528,#1529,#1806,.T.);
#1103=EDGE_CURVE('',#1529,#1530,#1807,.T.);
#1104=EDGE_CURVE('',#1530,#1531,#1808,.T.);
#1105=EDGE_CURVE('',#1531,#1532,#1809,.T.);
#1106=EDGE_CURVE('',#1532,#1533,#1810,.T.);
#1107=EDGE_CURVE('',#1533,#1534,#1811,.T.);
#1108=EDGE_CURVE('',#1535,#1534,#28,.T.);
#1109=EDGE_CURVE('',#1536,#1535,#1812,.T.);
#1110=EDGE_CURVE('',#1528,#1536,#90,.T.);
#1111=EDGE_CURVE('',#1537,#1538,#91,.T.);
#1112=EDGE_CURVE('',#1538,#1528,#1813,.T.);
#1113=EDGE_CURVE('',#1536,#1539,#1814,.T.);
#1114=EDGE_CURVE('',#1540,#1539,#92,.T.);
#1115=EDGE_CURVE('',#1472,#1540,#1815,.T.);
#1116=EDGE_CURVE('',#1537,#1471,#1816,.T.);
#1117=EDGE_CURVE('',#1452,#1541,#1817,.T.);
#1118=EDGE_CURVE('',#1541,#1469,#1818,.T.);
#1119=EDGE_CURVE('',#1542,#1543,#1819,.T.);
#1120=EDGE_CURVE('',#1543,#1544,#1820,.T.);
#1121=EDGE_CURVE('',#1544,#1545,#1821,.T.);
#1122=EDGE_CURVE('',#1545,#1546,#1822,.T.);
#1123=EDGE_CURVE('',#1547,#1546,#1823,.T.);
#1124=EDGE_CURVE('',#1542,#1547,#1824,.T.);
#1125=EDGE_CURVE('',#1455,#1451,#1825,.T.);
#1126=EDGE_CURVE('',#1454,#1548,#1826,.T.);
#1127=EDGE_CURVE('',#1548,#1549,#1827,.T.);
#1128=EDGE_CURVE('',#1549,#1550,#1828,.T.);
#1129=EDGE_CURVE('',#1551,#1550,#1829,.T.);
#1130=EDGE_CURVE('',#1551,#1452,#1830,.T.);
#1131=EDGE_CURVE('',#1552,#1552,#93,.T.);
#1132=EDGE_CURVE('',#1553,#1554,#94,.T.);
#1133=EDGE_CURVE('',#1554,#1555,#1831,.T.);
#1134=EDGE_CURVE('',#1555,#1556,#95,.T.);
#1135=EDGE_CURVE('',#1557,#1556,#1832,.T.);
#1136=EDGE_CURVE('',#1557,#1558,#96,.T.);
#1137=EDGE_CURVE('',#1558,#1559,#1833,.T.);
#1138=EDGE_CURVE('',#1559,#1560,#97,.T.);
#1139=EDGE_CURVE('',#1553,#1560,#1834,.T.);
#1140=EDGE_CURVE('',#1561,#1561,#98,.T.);
#1141=EDGE_CURVE('',#1562,#1562,#99,.T.);
#1142=EDGE_CURVE('',#1563,#1563,#100,.T.);
#1143=EDGE_CURVE('',#1555,#1550,#18,.T.);
#1144=EDGE_CURVE('',#1564,#1549,#19,.T.);
#1145=EDGE_CURVE('',#1564,#1565,#101,.T.);
#1146=EDGE_CURVE('',#1566,#1565,#1835,.T.);
#1147=EDGE_CURVE('',#1567,#1566,#1836,.T.);
#1148=EDGE_CURVE('',#1567,#1568,#1837,.T.);
#1149=EDGE_CURVE('',#1568,#1569,#1838,.T.);
#1150=EDGE_CURVE('',#1569,#1556,#1839,.T.);
#1151=EDGE_CURVE('',#1570,#1571,#102,.T.);
#1152=EDGE_CURVE('',#1570,#1560,#1840,.T.);
#1153=EDGE_CURVE('',#1572,#1559,#1841,.T.);
#1154=EDGE_CURVE('',#1572,#1573,#1842,.T.);
#1155=EDGE_CURVE('',#1573,#1574,#1843,.T.);
#1156=EDGE_CURVE('',#1574,#1575,#1844,.T.);
#1157=EDGE_CURVE('',#1575,#1571,#1845,.T.);
#1158=EDGE_CURVE('',#1576,#1577,#1846,.T.);
#1159=EDGE_CURVE('',#1576,#1578,#103,.T.);
#1160=EDGE_CURVE('',#1578,#1579,#1847,.T.);
#1161=EDGE_CURVE('',#1580,#1579,#29,.T.);
#1162=EDGE_CURVE('',#1580,#1581,#1848,.T.);
#1163=EDGE_CURVE('',#1545,#1581,#1849,.T.);
#1164=EDGE_CURVE('',#1582,#1544,#1850,.T.);
#1165=EDGE_CURVE('',#1577,#1582,#1851,.T.);
#1166=EDGE_CURVE('',#1583,#1583,#104,.T.);
#1167=EDGE_CURVE('',#1584,#1531,#1852,.T.);
#1168=EDGE_CURVE('',#1585,#1584,#1853,.T.);
#1169=EDGE_CURVE('',#1585,#1586,#1854,.T.);
#1170=EDGE_CURVE('',#1586,#1587,#1855,.T.);
#1171=EDGE_CURVE('',#1532,#1587,#1856,.T.);
#1172=EDGE_CURVE('',#1588,#1589,#1857,.T.);
#1173=EDGE_CURVE('',#1589,#1590,#1858,.T.);
#1174=EDGE_CURVE('',#1590,#1591,#105,.T.);
#1175=EDGE_CURVE('',#1592,#1591,#1859,.T.);
#1176=EDGE_CURVE('',#1593,#1592,#106,.T.);
#1177=EDGE_CURVE('',#1594,#1593,#1860,.T.);
#1178=EDGE_CURVE('',#1595,#1594,#1861,.T.);
#1179=EDGE_CURVE('',#1595,#1588,#1862,.T.);
#1180=EDGE_CURVE('',#1596,#1597,#1863,.T.);
#1181=EDGE_CURVE('',#1597,#1569,#1864,.T.);
#1182=EDGE_CURVE('',#1568,#1598,#1865,.T.);
#1183=EDGE_CURVE('',#1599,#1598,#1866,.T.);
#1184=EDGE_CURVE('',#1596,#1599,#1867,.T.);
#1185=EDGE_CURVE('',#1600,#1601,#1868,.T.);
#1186=EDGE_CURVE('',#1600,#1602,#1869,.T.);
#1187=EDGE_CURVE('',#1602,#1603,#1870,.T.);
#1188=EDGE_CURVE('',#1567,#1603,#1871,.T.);
#1189=EDGE_CURVE('',#1601,#1566,#1872,.T.);
#1190=EDGE_CURVE('',#1589,#1600,#1873,.T.);
#1191=EDGE_CURVE('',#1588,#1604,#1874,.T.);
#1192=EDGE_CURVE('',#1604,#1605,#1875,.T.);
#1193=EDGE_CURVE('',#1605,#1602,#1876,.T.);
#1194=EDGE_CURVE('',#1534,#1606,#20,.T.);
#1195=EDGE_CURVE('',#1606,#1607,#1877,.T.);
#1196=EDGE_CURVE('',#1608,#1607,#30,.T.);
#1197=EDGE_CURVE('',#1535,#1608,#1878,.T.);
#1198=EDGE_CURVE('',#1539,#1608,#1879,.T.);
#1199=EDGE_CURVE('',#1609,#1610,#107,.T.);
#1200=EDGE_CURVE('',#1609,#1473,#1880,.T.);
#1201=EDGE_CURVE('',#1540,#1611,#108,.T.);
#1202=EDGE_CURVE('',#1578,#1611,#1881,.T.);
#1203=EDGE_CURVE('',#1610,#1576,#1882,.T.);
#1204=EDGE_CURVE('',#1611,#1612,#1883,.T.);
#1205=EDGE_CURVE('',#1579,#1612,#1884,.T.);
#1206=EDGE_CURVE('',#1613,#1614,#1885,.T.);
#1207=EDGE_CURVE('',#1613,#1580,#21,.T.);
#1208=EDGE_CURVE('',#1614,#1612,#31,.T.);
#1209=EDGE_CURVE('',#1615,#1616,#1886,.T.);
#1210=EDGE_CURVE('',#1615,#1613,#1887,.F.);
#1211=EDGE_CURVE('',#1616,#1614,#1888,.T.);
#1212=EDGE_CURVE('',#1617,#1618,#1889,.T.);
#1213=EDGE_CURVE('',#1617,#1615,#1890,.T.);
#1214=EDGE_CURVE('',#1618,#1616,#1891,.T.);
#1215=EDGE_CURVE('',#1619,#1620,#1892,.T.);
#1216=EDGE_CURVE('',#1619,#1617,#1893,.F.);
#1217=EDGE_CURVE('',#1618,#1620,#1894,.T.);
#1218=EDGE_CURVE('',#1581,#1619,#1895,.F.);
#1219=EDGE_CURVE('',#1546,#1620,#1896,.T.);
#1220=EDGE_CURVE('',#1621,#1480,#1897,.T.);
#1221=EDGE_CURVE('',#1621,#1542,#1898,.T.);
#1222=EDGE_CURVE('',#1622,#1547,#1899,.T.);
#1223=EDGE_CURVE('',#1623,#1622,#1900,.T.);
#1224=EDGE_CURVE('',#1623,#1481,#1901,.F.);
#1225=EDGE_CURVE('',#1624,#1625,#1902,.T.);
#1226=EDGE_CURVE('',#1624,#1623,#1903,.F.);
#1227=EDGE_CURVE('',#1625,#1622,#1904,.T.);
#1228=EDGE_CURVE('',#1626,#1627,#1905,.T.);
#1229=EDGE_CURVE('',#1626,#1624,#1906,.T.);
#1230=EDGE_CURVE('',#1627,#1625,#1907,.T.);
#1231=EDGE_CURVE('',#1628,#1629,#1908,.T.);
#1232=EDGE_CURVE('',#1628,#1626,#1909,.F.);
#1233=EDGE_CURVE('',#1629,#1627,#1910,.T.);
#1234=EDGE_CURVE('',#1630,#1631,#1911,.T.);
#1235=EDGE_CURVE('',#1630,#1483,#1912,.F.);
#1236=EDGE_CURVE('',#1482,#1628,#1913,.F.);
#1237=EDGE_CURVE('',#1631,#1629,#1914,.T.);
#1238=EDGE_CURVE('',#1632,#1633,#1915,.T.);
#1239=EDGE_CURVE('',#1632,#1630,#1916,.F.);
#1240=EDGE_CURVE('',#1631,#1633,#1917,.T.);
#1241=EDGE_CURVE('',#1634,#1635,#1918,.T.);
#1242=EDGE_CURVE('',#1634,#1632,#1919,.T.);
#1243=EDGE_CURVE('',#1635,#1633,#1920,.T.);
#1244=EDGE_CURVE('',#1636,#1637,#1921,.T.);
#1245=EDGE_CURVE('',#1636,#1634,#1922,.F.);
#1246=EDGE_CURVE('',#1635,#1637,#1923,.T.);
#1247=EDGE_CURVE('',#1638,#1484,#1924,.T.);
#1248=EDGE_CURVE('',#1638,#1463,#1925,.T.);
#1249=EDGE_CURVE('',#1462,#1636,#1926,.F.);
#1250=EDGE_CURVE('',#1637,#1485,#1927,.T.);
#1251=EDGE_CURVE('',#1639,#1489,#1928,.T.);
#1252=EDGE_CURVE('',#1456,#1640,#1929,.T.);
#1253=EDGE_CURVE('',#1641,#1640,#1930,.T.);
#1254=EDGE_CURVE('',#1512,#1641,#1931,.T.);
#1255=EDGE_CURVE('',#1642,#1511,#1932,.T.);
#1256=EDGE_CURVE('',#1642,#1639,#1933,.T.);
#1257=EDGE_CURVE('',#1641,#1643,#1934,.T.);
#1258=EDGE_CURVE('',#1513,#1643,#1935,.T.);
#1259=EDGE_CURVE('',#1644,#1645,#1936,.T.);
#1260=EDGE_CURVE('',#1644,#1514,#1937,.T.);
#1261=EDGE_CURVE('',#1643,#1645,#1938,.T.);
#1262=EDGE_CURVE('',#1646,#1647,#1939,.T.);
#1263=EDGE_CURVE('',#1646,#1644,#1940,.T.);
#1264=EDGE_CURVE('',#1647,#1645,#1941,.T.);
#1265=EDGE_CURVE('',#1648,#1649,#1942,.T.);
#1266=EDGE_CURVE('',#1648,#1646,#1943,.T.);
#1267=EDGE_CURVE('',#1647,#1649,#1944,.T.);
#1268=EDGE_CURVE('',#1650,#1651,#1945,.T.);
#1269=EDGE_CURVE('',#1650,#1648,#1946,.T.);
#1270=EDGE_CURVE('',#1649,#1651,#1947,.T.);
#1271=EDGE_CURVE('',#1515,#1650,#22,.T.);
#1272=EDGE_CURVE('',#1652,#1651,#32,.T.);
#1273=EDGE_CURVE('',#1516,#1652,#1948,.T.);
#1274=EDGE_CURVE('',#1500,#1652,#1949,.T.);
#1275=EDGE_CURVE('',#1509,#1499,#1950,.T.);
#1276=EDGE_CURVE('',#1653,#1501,#1951,.T.);
#1277=EDGE_CURVE('',#1493,#1653,#1952,.T.);
#1278=EDGE_CURVE('',#1654,#1655,#109,.T.);
#1279=EDGE_CURVE('',#1654,#1494,#1953,.T.);
#1280=EDGE_CURVE('',#1653,#1656,#110,.T.);
#1281=EDGE_CURVE('',#1655,#1656,#1954,.T.);
#1282=EDGE_CURVE('',#1656,#1657,#1955,.T.);
#1283=EDGE_CURVE('',#1522,#1657,#1956,.T.);
#1284=EDGE_CURVE('',#1521,#1655,#1957,.T.);
#1285=EDGE_CURVE('',#1658,#1659,#1958,.T.);
#1286=EDGE_CURVE('',#1658,#1523,#23,.T.);
#1287=EDGE_CURVE('',#1659,#1657,#33,.T.);
#1288=EDGE_CURVE('',#1660,#1661,#1959,.T.);
#1289=EDGE_CURVE('',#1660,#1658,#1960,.F.);
#1290=EDGE_CURVE('',#1661,#1659,#1961,.T.);
#1291=EDGE_CURVE('',#1662,#1663,#1962,.T.);
#1292=EDGE_CURVE('',#1662,#1660,#1963,.T.);
#1293=EDGE_CURVE('',#1663,#1661,#1964,.T.);
#1294=EDGE_CURVE('',#1664,#1665,#1965,.T.);
#1295=EDGE_CURVE('',#1664,#1662,#1966,.F.);
#1296=EDGE_CURVE('',#1663,#1665,#1967,.T.);
#1297=EDGE_CURVE('',#1524,#1664,#1968,.F.);
#1298=EDGE_CURVE('',#1506,#1665,#1969,.T.);
#1299=EDGE_CURVE('',#1666,#1594,#1970,.T.);
#1300=EDGE_CURVE('',#1666,#1502,#1971,.T.);
#1301=EDGE_CURVE('',#1667,#1507,#1972,.T.);
#1302=EDGE_CURVE('',#1668,#1667,#1973,.T.);
#1303=EDGE_CURVE('',#1668,#1595,#1974,.T.);
#1304=EDGE_CURVE('',#1669,#1670,#1975,.T.);
#1305=EDGE_CURVE('',#1669,#1668,#1976,.T.);
#1306=EDGE_CURVE('',#1670,#1667,#1977,.T.);
#1307=EDGE_CURVE('',#1671,#1672,#1978,.T.);
#1308=EDGE_CURVE('',#1671,#1669,#1979,.T.);
#1309=EDGE_CURVE('',#1670,#1672,#1980,.T.);
#1310=EDGE_CURVE('',#1604,#1671,#1981,.T.);
#1311=EDGE_CURVE('',#1605,#1672,#1982,.T.);
#1312=EDGE_CURVE('',#1572,#1596,#1983,.T.);
#1313=EDGE_CURVE('',#1599,#1673,#1984,.T.);
#1314=EDGE_CURVE('',#1674,#1673,#1985,.T.);
#1315=EDGE_CURVE('',#1674,#1573,#1986,.T.);
#1316=EDGE_CURVE('',#1675,#1676,#1987,.T.);
#1317=EDGE_CURVE('',#1675,#1674,#1988,.T.);
#1318=EDGE_CURVE('',#1673,#1676,#1989,.T.);
#1319=EDGE_CURVE('',#1677,#1678,#1990,.T.);
#1320=EDGE_CURVE('',#1677,#1675,#1991,.T.);
#1321=EDGE_CURVE('',#1676,#1678,#1992,.T.);
#1322=EDGE_CURVE('',#1679,#1680,#1993,.T.);
#1323=EDGE_CURVE('',#1679,#1677,#1994,.T.);
#1324=EDGE_CURVE('',#1678,#1680,#1995,.T.);
#1325=EDGE_CURVE('',#1681,#1585,#1996,.T.);
#1326=EDGE_CURVE('',#1681,#1575,#1997,.T.);
#1327=EDGE_CURVE('',#1574,#1679,#1998,.T.);
#1328=EDGE_CURVE('',#1680,#1586,#1999,.T.);
#1329=EDGE_CURVE('',#1682,#1683,#2000,.T.);
#1330=EDGE_CURVE('',#1682,#1533,#2001,.T.);
#1331=EDGE_CURVE('',#1587,#1683,#2002,.T.);
#1332=EDGE_CURVE('',#1684,#1685,#2003,.T.);
#1333=EDGE_CURVE('',#1684,#1682,#2004,.T.);
#1334=EDGE_CURVE('',#1685,#1683,#2005,.T.);
#1335=EDGE_CURVE('',#1686,#1687,#2006,.T.);
#1336=EDGE_CURVE('',#1686,#1684,#2007,.T.);
#1337=EDGE_CURVE('',#1685,#1687,#2008,.T.);
#1338=EDGE_CURVE('',#1688,#1688,#111,.T.);
#1339=EDGE_CURVE('',#1689,#1689,#112,.T.);
#1340=EDGE_CURVE('',#1690,#1690,#113,.T.);
#1341=EDGE_CURVE('',#1691,#1691,#114,.T.);
#1342=EDGE_CURVE('',#1692,#1692,#115,.T.);
#1343=EDGE_CURVE('',#1693,#1693,#116,.T.);
#1344=EDGE_CURVE('',#1694,#1694,#117,.T.);
#1345=EDGE_CURVE('',#1695,#1695,#118,.T.);
#1346=EDGE_CURVE('',#1696,#1696,#119,.T.);
#1347=EDGE_CURVE('',#1697,#1697,#120,.T.);
#1348=EDGE_CURVE('',#1698,#1699,#121,.T.);
#1349=EDGE_CURVE('',#1698,#1476,#2009,.T.);
#1350=EDGE_CURVE('',#1699,#1475,#2010,.T.);
#1351=EDGE_CURVE('',#1700,#1700,#122,.T.);
#1352=EDGE_CURVE('',#1701,#1702,#123,.T.);
#1353=EDGE_CURVE('',#1701,#1565,#2011,.T.);
#1354=EDGE_CURVE('',#1703,#1564,#2012,.T.);
#1355=EDGE_CURVE('',#1704,#1703,#124,.T.);
#1356=EDGE_CURVE('',#1704,#1591,#2013,.T.);
#1357=EDGE_CURVE('',#1702,#1590,#2014,.T.);
#1358=EDGE_CURVE('',#1606,#1686,#2015,.T.);
#1359=EDGE_CURVE('',#1687,#1607,#2016,.T.);
#1360=EDGE_CURVE('',#1705,#1705,#125,.T.);
#1361=EDGE_CURVE('',#1598,#1603,#2017,.T.);
#1362=EDGE_CURVE('',#1640,#1444,#2018,.T.);
#1363=EDGE_CURVE('',#1706,#1706,#126,.T.);
#1364=EDGE_CURVE('',#1707,#1707,#127,.T.);
#1365=EDGE_CURVE('',#1708,#1708,#128,.T.);
#1366=EDGE_CURVE('',#1709,#1709,#129,.T.);
#1367=EDGE_CURVE('',#1710,#1593,#2019,.T.);
#1368=EDGE_CURVE('',#1666,#1710,#2020,.T.);
#1369=EDGE_CURVE('',#1711,#1592,#2021,.T.);
#1370=EDGE_CURVE('',#1710,#1711,#130,.T.);
#1371=EDGE_CURVE('',#1711,#1704,#2022,.T.);
#1372=EDGE_CURVE('',#1703,#1548,#24,.T.);
#1373=EDGE_CURVE('',#1712,#1497,#2023,.T.);
#1374=EDGE_CURVE('',#1712,#1454,#2024,.T.);
#1375=EDGE_CURVE('',#1713,#1712,#131,.T.);
#1376=EDGE_CURVE('',#1713,#1714,#2025,.T.);
#1377=EDGE_CURVE('',#1714,#1654,#2026,.T.);
#1378=EDGE_CURVE('',#1715,#1655,#2027,.T.);
#1379=EDGE_CURVE('',#1716,#1715,#132,.T.);
#1380=EDGE_CURVE('',#1717,#1716,#2028,.T.);
#1381=EDGE_CURVE('',#1718,#1717,#133,.T.);
#1382=EDGE_CURVE('',#1503,#1718,#2029,.T.);
#1383=EDGE_CURVE('',#1600,#1702,#2030,.T.);
#1384=EDGE_CURVE('',#1601,#1701,#2031,.T.);
#1385=EDGE_CURVE('',#1596,#1558,#2032,.T.);
#1386=EDGE_CURVE('',#1597,#1557,#2033,.T.);
#1387=EDGE_CURVE('',#1719,#1530,#2034,.T.);
#1388=EDGE_CURVE('',#1719,#1584,#2035,.T.);
#1389=EDGE_CURVE('',#1554,#1551,#25,.T.);
#1390=EDGE_CURVE('',#1720,#1570,#2036,.T.);
#1391=EDGE_CURVE('',#1720,#1553,#2037,.T.);
#1392=EDGE_CURVE('',#1721,#1571,#2038,.T.);
#1393=EDGE_CURVE('',#1720,#1721,#134,.T.);
#1394=EDGE_CURVE('',#1681,#1721,#2039,.T.);
#1395=EDGE_CURVE('',#1722,#1719,#2040,.T.);
#1396=EDGE_CURVE('',#1538,#1722,#2041,.T.);
#1397=EDGE_CURVE('',#1537,#1723,#2042,.T.);
#1398=EDGE_CURVE('',#1723,#1541,#2043,.T.);
#1399=EDGE_CURVE('',#1724,#1477,#2044,.T.);
#1400=EDGE_CURVE('',#1725,#1724,#2045,.T.);
#1401=EDGE_CURVE('',#1725,#1478,#2046,.T.);
#1402=EDGE_CURVE('',#1724,#1698,#135,.T.);
#1403=EDGE_CURVE('',#1726,#1474,#2047,.T.);
#1404=EDGE_CURVE('',#1726,#1699,#2048,.T.);
#1405=EDGE_CURVE('',#1609,#1726,#2049,.T.);
#1406=EDGE_CURVE('',#1727,#1577,#2050,.T.);
#1407=EDGE_CURVE('',#1610,#1727,#2051,.T.);
#1408=EDGE_CURVE('',#1728,#1582,#2052,.T.);
#1409=EDGE_CURVE('',#1727,#1728,#2053,.T.);
#1410=EDGE_CURVE('',#1728,#1543,#2054,.T.);
#1411=EDGE_CURVE('',#1729,#1479,#2055,.T.);
#1412=EDGE_CURVE('',#1621,#1729,#2056,.T.);
#1413=EDGE_CURVE('',#1729,#1725,#136,.T.);
#1414=EDGE_CURVE('',#1723,#1470,#2057,.T.);
#1415=EDGE_CURVE('',#1722,#1529,#2058,.T.);
#1416=EDGE_CURVE('',#1713,#1496,#2059,.T.);
#1417=EDGE_CURVE('',#1714,#1495,#2060,.T.);
#1418=EDGE_CURVE('',#1715,#1520,#2061,.T.);
#1419=EDGE_CURVE('',#1716,#1519,#2062,.T.);
#1420=EDGE_CURVE('',#1717,#1526,#2063,.T.);
#1421=EDGE_CURVE('',#1718,#1525,#2064,.T.);
#1422=EDGE_CURVE('',#1730,#1508,#2065,.T.);
#1423=EDGE_CURVE('',#1731,#1730,#137,.T.);
#1424=EDGE_CURVE('',#1731,#1510,#2066,.T.);
#1425=EDGE_CURVE('',#1730,#1499,#2067,.T.);
#1426=EDGE_CURVE('',#1732,#1490,#2068,.T.);
#1427=EDGE_CURVE('',#1732,#1498,#2069,.T.);
#1428=EDGE_CURVE('',#1639,#1732,#2070,.T.);
#1429=EDGE_CURVE('',#1642,#1731,#2071,.T.);
#1430=EDGE_CURVE('',#1638,#1733,#2072,.T.);
#1431=EDGE_CURVE('',#1733,#1464,#2073,.T.);
#1432=EDGE_CURVE('',#1448,#1488,#2074,.T.);
#1433=EDGE_CURVE('',#1734,#1466,#2075,.T.);
#1434=EDGE_CURVE('',#1487,#1734,#138,.T.);
#1435=EDGE_CURVE('',#1735,#1465,#2076,.T.);
#1436=EDGE_CURVE('',#1735,#1734,#2077,.T.);
#1437=EDGE_CURVE('',#1735,#1733,#139,.T.);
#1438=EDGE_CURVE('',#1456,#1443,#2078,.T.);
#1439=EDGE_CURVE('',#1736,#1736,#140,.T.);
#1440=EDGE_CURVE('',#1737,#1737,#141,.T.);
#1441=EDGE_CURVE('',#1738,#1738,#142,.T.);
#1442=EDGE_CURVE('',#1739,#1739,#143,.T.);
#1443=VERTEX_POINT('',#4211);
#1444=VERTEX_POINT('',#4212);
#1445=VERTEX_POINT('',#4214);
#1446=VERTEX_POINT('',#4216);
#1447=VERTEX_POINT('',#4218);
#1448=VERTEX_POINT('',#4220);
#1449=VERTEX_POINT('',#4222);
#1450=VERTEX_POINT('',#4224);
#1451=VERTEX_POINT('',#4228);
#1452=VERTEX_POINT('',#4230);
#1453=VERTEX_POINT('',#4232);
#1454=VERTEX_POINT('',#4236);
#1455=VERTEX_POINT('',#4237);
#1456=VERTEX_POINT('',#4239);
#1457=VERTEX_POINT('',#4241);
#1458=VERTEX_POINT('',#4243);
#1459=VERTEX_POINT('',#4247);
#1460=VERTEX_POINT('',#4249);
#1461=VERTEX_POINT('',#4251);
#1462=VERTEX_POINT('',#4253);
#1463=VERTEX_POINT('',#4254);
#1464=VERTEX_POINT('',#4256);
#1465=VERTEX_POINT('',#4258);
#1466=VERTEX_POINT('',#4260);
#1467=VERTEX_POINT('',#4262);
#1468=VERTEX_POINT('',#4264);
#1469=VERTEX_POINT('',#4267);
#1470=VERTEX_POINT('',#4269);
#1471=VERTEX_POINT('',#4271);
#1472=VERTEX_POINT('',#4273);
#1473=VERTEX_POINT('',#4275);
#1474=VERTEX_POINT('',#4277);
#1475=VERTEX_POINT('',#4279);
#1476=VERTEX_POINT('',#4281);
#1477=VERTEX_POINT('',#4283);
#1478=VERTEX_POINT('',#4285);
#1479=VERTEX_POINT('',#4287);
#1480=VERTEX_POINT('',#4289);
#1481=VERTEX_POINT('',#4291);
#1482=VERTEX_POINT('',#4293);
#1483=VERTEX_POINT('',#4295);
#1484=VERTEX_POINT('',#4299);
#1485=VERTEX_POINT('',#4301);
#1486=VERTEX_POINT('',#4305);
#1487=VERTEX_POINT('',#4307);
#1488=VERTEX_POINT('',#4308);
#1489=VERTEX_POINT('',#4313);
#1490=VERTEX_POINT('',#4314);
#1491=VERTEX_POINT('',#4316);
#1492=VERTEX_POINT('',#4318);
#1493=VERTEX_POINT('',#4320);
#1494=VERTEX_POINT('',#4322);
#1495=VERTEX_POINT('',#4324);
#1496=VERTEX_POINT('',#4326);
#1497=VERTEX_POINT('',#4328);
#1498=VERTEX_POINT('',#4333);
#1499=VERTEX_POINT('',#4335);
#1500=VERTEX_POINT('',#4337);
#1501=VERTEX_POINT('',#4339);
#1502=VERTEX_POINT('',#4343);
#1503=VERTEX_POINT('',#4344);
#1504=VERTEX_POINT('',#4346);
#1505=VERTEX_POINT('',#4348);
#1506=VERTEX_POINT('',#4350);
#1507=VERTEX_POINT('',#4352);
#1508=VERTEX_POINT('',#4356);
#1509=VERTEX_POINT('',#4357);
#1510=VERTEX_POINT('',#4359);
#1511=VERTEX_POINT('',#4361);
#1512=VERTEX_POINT('',#4363);
#1513=VERTEX_POINT('',#4365);
#1514=VERTEX_POINT('',#4367);
#1515=VERTEX_POINT('',#4369);
#1516=VERTEX_POINT('',#4371);
#1517=VERTEX_POINT('',#4374);
#1518=VERTEX_POINT('',#4377);
#1519=VERTEX_POINT('',#4379);
#1520=VERTEX_POINT('',#4380);
#1521=VERTEX_POINT('',#4382);
#1522=VERTEX_POINT('',#4384);
#1523=VERTEX_POINT('',#4386);
#1524=VERTEX_POINT('',#4388);
#1525=VERTEX_POINT('',#4391);
#1526=VERTEX_POINT('',#4393);
#1527=VERTEX_POINT('',#4397);
#1528=VERTEX_POINT('',#4399);
#1529=VERTEX_POINT('',#4400);
#1530=VERTEX_POINT('',#4402);
#1531=VERTEX_POINT('',#4404);
#1532=VERTEX_POINT('',#4406);
#1533=VERTEX_POINT('',#4408);
#1534=VERTEX_POINT('',#4410);
#1535=VERTEX_POINT('',#4412);
#1536=VERTEX_POINT('',#4414);
#1537=VERTEX_POINT('',#4418);
#1538=VERTEX_POINT('',#4419);
#1539=VERTEX_POINT('',#4422);
#1540=VERTEX_POINT('',#4424);
#1541=VERTEX_POINT('',#4429);
#1542=VERTEX_POINT('',#4433);
#1543=VERTEX_POINT('',#4434);
#1544=VERTEX_POINT('',#4436);
#1545=VERTEX_POINT('',#4438);
#1546=VERTEX_POINT('',#4440);
#1547=VERTEX_POINT('',#4442);
#1548=VERTEX_POINT('',#4447);
#1549=VERTEX_POINT('',#4449);
#1550=VERTEX_POINT('',#4451);
#1551=VERTEX_POINT('',#4453);
#1552=VERTEX_POINT('',#4457);
#1553=VERTEX_POINT('',#4459);
#1554=VERTEX_POINT('',#4460);
#1555=VERTEX_POINT('',#4462);
#1556=VERTEX_POINT('',#4464);
#1557=VERTEX_POINT('',#4466);
#1558=VERTEX_POINT('',#4468);
#1559=VERTEX_POINT('',#4470);
#1560=VERTEX_POINT('',#4472);
#1561=VERTEX_POINT('',#4476);
#1562=VERTEX_POINT('',#4478);
#1563=VERTEX_POINT('',#4480);
#1564=VERTEX_POINT('',#4496);
#1565=VERTEX_POINT('',#4498);
#1566=VERTEX_POINT('',#4500);
#1567=VERTEX_POINT('',#4502);
#1568=VERTEX_POINT('',#4504);
#1569=VERTEX_POINT('',#4506);
#1570=VERTEX_POINT('',#4510);
#1571=VERTEX_POINT('',#4511);
#1572=VERTEX_POINT('',#4514);
#1573=VERTEX_POINT('',#4516);
#1574=VERTEX_POINT('',#4518);
#1575=VERTEX_POINT('',#4520);
#1576=VERTEX_POINT('',#4524);
#1577=VERTEX_POINT('',#4525);
#1578=VERTEX_POINT('',#4527);
#1579=VERTEX_POINT('',#4529);
#1580=VERTEX_POINT('',#4531);
#1581=VERTEX_POINT('',#4533);
#1582=VERTEX_POINT('',#4536);
#1583=VERTEX_POINT('',#4539);
#1584=VERTEX_POINT('',#4542);
#1585=VERTEX_POINT('',#4544);
#1586=VERTEX_POINT('',#4546);
#1587=VERTEX_POINT('',#4548);
#1588=VERTEX_POINT('',#4552);
#1589=VERTEX_POINT('',#4553);
#1590=VERTEX_POINT('',#4555);
#1591=VERTEX_POINT('',#4557);
#1592=VERTEX_POINT('',#4559);
#1593=VERTEX_POINT('',#4561);
#1594=VERTEX_POINT('',#4563);
#1595=VERTEX_POINT('',#4565);
#1596=VERTEX_POINT('',#4569);
#1597=VERTEX_POINT('',#4570);
#1598=VERTEX_POINT('',#4573);
#1599=VERTEX_POINT('',#4575);
#1600=VERTEX_POINT('',#4579);
#1601=VERTEX_POINT('',#4580);
#1602=VERTEX_POINT('',#4582);
#1603=VERTEX_POINT('',#4584);
#1604=VERTEX_POINT('',#4590);
#1605=VERTEX_POINT('',#4592);
#1606=VERTEX_POINT('',#4606);
#1607=VERTEX_POINT('',#4608);
#1608=VERTEX_POINT('',#4610);
#1609=VERTEX_POINT('',#4616);
#1610=VERTEX_POINT('',#4617);
#1611=VERTEX_POINT('',#4620);
#1612=VERTEX_POINT('',#4625);
#1613=VERTEX_POINT('',#4636);
#1614=VERTEX_POINT('',#4637);
#1615=VERTEX_POINT('',#4645);
#1616=VERTEX_POINT('',#4646);
#1617=VERTEX_POINT('',#4651);
#1618=VERTEX_POINT('',#4652);
#1619=VERTEX_POINT('',#4657);
#1620=VERTEX_POINT('',#4658);
#1621=VERTEX_POINT('',#4666);
#1622=VERTEX_POINT('',#4669);
#1623=VERTEX_POINT('',#4671);
#1624=VERTEX_POINT('',#4675);
#1625=VERTEX_POINT('',#4676);
#1626=VERTEX_POINT('',#4681);
#1627=VERTEX_POINT('',#4682);
#1628=VERTEX_POINT('',#4687);
#1629=VERTEX_POINT('',#4688);
#1630=VERTEX_POINT('',#4693);
#1631=VERTEX_POINT('',#4694);
#1632=VERTEX_POINT('',#4700);
#1633=VERTEX_POINT('',#4701);
#1634=VERTEX_POINT('',#4706);
#1635=VERTEX_POINT('',#4707);
#1636=VERTEX_POINT('',#4712);
#1637=VERTEX_POINT('',#4713);
#1638=VERTEX_POINT('',#4718);
#1639=VERTEX_POINT('',#4724);
#1640=VERTEX_POINT('',#4726);
#1641=VERTEX_POINT('',#4728);
#1642=VERTEX_POINT('',#4731);
#1643=VERTEX_POINT('',#4735);
#1644=VERTEX_POINT('',#4739);
#1645=VERTEX_POINT('',#4740);
#1646=VERTEX_POINT('',#4745);
#1647=VERTEX_POINT('',#4746);
#1648=VERTEX_POINT('',#4751);
#1649=VERTEX_POINT('',#4752);
#1650=VERTEX_POINT('',#4757);
#1651=VERTEX_POINT('',#4758);
#1652=VERTEX_POINT('',#4774);
#1653=VERTEX_POINT('',#4781);
#1654=VERTEX_POINT('',#4785);
#1655=VERTEX_POINT('',#4786);
#1656=VERTEX_POINT('',#4789);
#1657=VERTEX_POINT('',#4793);
#1658=VERTEX_POINT('',#4805);
#1659=VERTEX_POINT('',#4806);
#1660=VERTEX_POINT('',#4814);
#1661=VERTEX_POINT('',#4815);
#1662=VERTEX_POINT('',#4820);
#1663=VERTEX_POINT('',#4821);
#1664=VERTEX_POINT('',#4826);
#1665=VERTEX_POINT('',#4827);
#1666=VERTEX_POINT('',#4835);
#1667=VERTEX_POINT('',#4838);
#1668=VERTEX_POINT('',#4840);
#1669=VERTEX_POINT('',#4844);
#1670=VERTEX_POINT('',#4845);
#1671=VERTEX_POINT('',#4850);
#1672=VERTEX_POINT('',#4851);
#1673=VERTEX_POINT('',#4860);
#1674=VERTEX_POINT('',#4862);
#1675=VERTEX_POINT('',#4866);
#1676=VERTEX_POINT('',#4867);
#1677=VERTEX_POINT('',#4872);
#1678=VERTEX_POINT('',#4873);
#1679=VERTEX_POINT('',#4878);
#1680=VERTEX_POINT('',#4879);
#1681=VERTEX_POINT('',#4884);
#1682=VERTEX_POINT('',#4890);
#1683=VERTEX_POINT('',#4891);
#1684=VERTEX_POINT('',#4896);
#1685=VERTEX_POINT('',#4897);
#1686=VERTEX_POINT('',#4902);
#1687=VERTEX_POINT('',#4903);
#1688=VERTEX_POINT('',#4908);
#1689=VERTEX_POINT('',#4911);
#1690=VERTEX_POINT('',#4914);
#1691=VERTEX_POINT('',#4917);
#1692=VERTEX_POINT('',#4920);
#1693=VERTEX_POINT('',#4923);
#1694=VERTEX_POINT('',#4926);
#1695=VERTEX_POINT('',#4929);
#1696=VERTEX_POINT('',#4932);
#1697=VERTEX_POINT('',#4935);
#1698=VERTEX_POINT('',#4937);
#1699=VERTEX_POINT('',#4938);
#1700=VERTEX_POINT('',#4943);
#1701=VERTEX_POINT('',#4945);
#1702=VERTEX_POINT('',#4946);
#1703=VERTEX_POINT('',#4949);
#1704=VERTEX_POINT('',#4951);
#1705=VERTEX_POINT('',#4959);
#1706=VERTEX_POINT('',#4964);
#1707=VERTEX_POINT('',#4966);
#1708=VERTEX_POINT('',#4968);
#1709=VERTEX_POINT('',#4970);
#1710=VERTEX_POINT('',#4981);
#1711=VERTEX_POINT('',#4985);
#1712=VERTEX_POINT('',#5022);
#1713=VERTEX_POINT('',#5026);
#1714=VERTEX_POINT('',#5028);
#1715=VERTEX_POINT('',#5031);
#1716=VERTEX_POINT('',#5033);
#1717=VERTEX_POINT('',#5035);
#1718=VERTEX_POINT('',#5037);
#1719=VERTEX_POINT('',#5052);
#1720=VERTEX_POINT('',#5084);
#1721=VERTEX_POINT('',#5088);
#1722=VERTEX_POINT('',#5094);
#1723=VERTEX_POINT('',#5097);
#1724=VERTEX_POINT('',#5101);
#1725=VERTEX_POINT('',#5103);
#1726=VERTEX_POINT('',#5109);
#1727=VERTEX_POINT('',#5115);
#1728=VERTEX_POINT('',#5119);
#1729=VERTEX_POINT('',#5125);
#1730=VERTEX_POINT('',#5152);
#1731=VERTEX_POINT('',#5154);
#1732=VERTEX_POINT('',#5160);
#1733=VERTEX_POINT('',#5169);
#1734=VERTEX_POINT('',#5175);
#1735=VERTEX_POINT('',#5179);
#1736=VERTEX_POINT('',#5189);
#1737=VERTEX_POINT('',#5193);
#1738=VERTEX_POINT('',#5197);
#1739=VERTEX_POINT('',#5201);
#1740=LINE('',#4210,#2079);
#1741=LINE('',#4213,#2080);
#1742=LINE('',#4215,#2081);
#1743=LINE('',#4217,#2082);
#1744=LINE('',#4219,#2083);
#1745=LINE('',#4221,#2084);
#1746=LINE('',#4223,#2085);
#1747=LINE('',#4225,#2086);
#1748=LINE('',#4227,#2087);
#1749=LINE('',#4229,#2088);
#1750=LINE('',#4231,#2089);
#1751=LINE('',#4233,#2090);
#1752=LINE('',#4235,#2091);
#1753=LINE('',#4238,#2092);
#1754=LINE('',#4240,#2093);
#1755=LINE('',#4242,#2094);
#1756=LINE('',#4244,#2095);
#1757=LINE('',#4252,#2096);
#1758=LINE('',#4255,#2097);
#1759=LINE('',#4259,#2098);
#1760=LINE('',#4265,#2099);
#1761=LINE('',#4266,#2100);
#1762=LINE('',#4268,#2101);
#1763=LINE('',#4270,#2102);
#1764=LINE('',#4276,#2103);
#1765=LINE('',#4278,#2104);
#1766=LINE('',#4284,#2105);
#1767=LINE('',#4288,#2106);
#1768=LINE('',#4290,#2107);
#1769=LINE('',#4292,#2108);
#1770=LINE('',#4294,#2109);
#1771=LINE('',#4296,#2110);
#1772=LINE('',#4298,#2111);
#1773=LINE('',#4300,#2112);
#1774=LINE('',#4302,#2113);
#1775=LINE('',#4309,#2114);
#1776=LINE('',#4310,#2115);
#1777=LINE('',#4312,#2116);
#1778=LINE('',#4315,#2117);
#1779=LINE('',#4319,#2118);
#1780=LINE('',#4323,#2119);
#1781=LINE('',#4325,#2120);
#1782=LINE('',#4329,#2121);
#1783=LINE('',#4330,#2122);
#1784=LINE('',#4332,#2123);
#1785=LINE('',#4336,#2124);
#1786=LINE('',#4340,#2125);
#1787=LINE('',#4342,#2126);
#1788=LINE('',#4345,#2127);
#1789=LINE('',#4347,#2128);
#1790=LINE('',#4349,#2129);
#1791=LINE('',#4351,#2130);
#1792=LINE('',#4353,#2131);
#1793=LINE('',#4355,#2132);
#1794=LINE('',#4360,#2133);
#1795=LINE('',#4362,#2134);
#1796=LINE('',#4364,#2135);
#1797=LINE('',#4366,#2136);
#1798=LINE('',#4368,#2137);
#1799=LINE('',#4372,#2138);
#1800=LINE('',#4381,#2139);
#1801=LINE('',#4383,#2140);
#1802=LINE('',#4387,#2141);
#1803=LINE('',#4389,#2142);
#1804=LINE('',#4390,#2143);
#1805=LINE('',#4394,#2144);
#1806=LINE('',#4398,#2145);
#1807=LINE('',#4401,#2146);
#1808=LINE('',#4403,#2147);
#1809=LINE('',#4405,#2148);
#1810=LINE('',#4407,#2149);
#1811=LINE('',#4409,#2150);
#1812=LINE('',#4413,#2151);
#1813=LINE('',#4420,#2152);
#1814=LINE('',#4421,#2153);
#1815=LINE('',#4425,#2154);
#1816=LINE('',#4426,#2155);
#1817=LINE('',#4428,#2156);
#1818=LINE('',#4430,#2157);
#1819=LINE('',#4432,#2158);
#1820=LINE('',#4435,#2159);
#1821=LINE('',#4437,#2160);
#1822=LINE('',#4439,#2161);
#1823=LINE('',#4441,#2162);
#1824=LINE('',#4443,#2163);
#1825=LINE('',#4445,#2164);
#1826=LINE('',#4446,#2165);
#1827=LINE('',#4448,#2166);
#1828=LINE('',#4450,#2167);
#1829=LINE('',#4452,#2168);
#1830=LINE('',#4454,#2169);
#1831=LINE('',#4461,#2170);
#1832=LINE('',#4465,#2171);
#1833=LINE('',#4469,#2172);
#1834=LINE('',#4473,#2173);
#1835=LINE('',#4499,#2174);
#1836=LINE('',#4501,#2175);
#1837=LINE('',#4503,#2176);
#1838=LINE('',#4505,#2177);
#1839=LINE('',#4507,#2178);
#1840=LINE('',#4512,#2179);
#1841=LINE('',#4513,#2180);
#1842=LINE('',#4515,#2181);
#1843=LINE('',#4517,#2182);
#1844=LINE('',#4519,#2183);
#1845=LINE('',#4521,#2184);
#1846=LINE('',#4523,#2185);
#1847=LINE('',#4528,#2186);
#1848=LINE('',#4532,#2187);
#1849=LINE('',#4534,#2188);
#1850=LINE('',#4535,#2189);
#1851=LINE('',#4537,#2190);
#1852=LINE('',#4541,#2191);
#1853=LINE('',#4543,#2192);
#1854=LINE('',#4545,#2193);
#1855=LINE('',#4547,#2194);
#1856=LINE('',#4549,#2195);
#1857=LINE('',#4551,#2196);
#1858=LINE('',#4554,#2197);
#1859=LINE('',#4558,#2198);
#1860=LINE('',#4562,#2199);
#1861=LINE('',#4564,#2200);
#1862=LINE('',#4566,#2201);
#1863=LINE('',#4568,#2202);
#1864=LINE('',#4571,#2203);
#1865=LINE('',#4572,#2204);
#1866=LINE('',#4574,#2205);
#1867=LINE('',#4576,#2206);
#1868=LINE('',#4578,#2207);
#1869=LINE('',#4581,#2208);
#1870=LINE('',#4583,#2209);
#1871=LINE('',#4585,#2210);
#1872=LINE('',#4586,#2211);
#1873=LINE('',#4588,#2212);
#1874=LINE('',#4589,#2213);
#1875=LINE('',#4591,#2214);
#1876=LINE('',#4593,#2215);
#1877=LINE('',#4607,#2216);
#1878=LINE('',#4611,#2217);
#1879=LINE('',#4613,#2218);
#1880=LINE('',#4618,#2219);
#1881=LINE('',#4621,#2220);
#1882=LINE('',#4622,#2221);
#1883=LINE('',#4624,#2222);
#1884=LINE('',#4626,#2223);
#1885=LINE('',#4635,#2224);
#1886=LINE('',#4644,#2225);
#1887=LINE('',#4647,#2226);
#1888=LINE('',#4648,#2227);
#1889=LINE('',#4650,#2228);
#1890=LINE('',#4653,#2229);
#1891=LINE('',#4654,#2230);
#1892=LINE('',#4656,#2231);
#1893=LINE('',#4659,#2232);
#1894=LINE('',#4660,#2233);
#1895=LINE('',#4662,#2234);
#1896=LINE('',#4663,#2235);
#1897=LINE('',#4665,#2236);
#1898=LINE('',#4667,#2237);
#1899=LINE('',#4668,#2238);
#1900=LINE('',#4670,#2239);
#1901=LINE('',#4672,#2240);
#1902=LINE('',#4674,#2241);
#1903=LINE('',#4677,#2242);
#1904=LINE('',#4678,#2243);
#1905=LINE('',#4680,#2244);
#1906=LINE('',#4683,#2245);
#1907=LINE('',#4684,#2246);
#1908=LINE('',#4686,#2247);
#1909=LINE('',#4689,#2248);
#1910=LINE('',#4690,#2249);
#1911=LINE('',#4692,#2250);
#1912=LINE('',#4695,#2251);
#1913=LINE('',#4696,#2252);
#1914=LINE('',#4697,#2253);
#1915=LINE('',#4699,#2254);
#1916=LINE('',#4702,#2255);
#1917=LINE('',#4703,#2256);
#1918=LINE('',#4705,#2257);
#1919=LINE('',#4708,#2258);
#1920=LINE('',#4709,#2259);
#1921=LINE('',#4711,#2260);
#1922=LINE('',#4714,#2261);
#1923=LINE('',#4715,#2262);
#1924=LINE('',#4717,#2263);
#1925=LINE('',#4719,#2264);
#1926=LINE('',#4720,#2265);
#1927=LINE('',#4721,#2266);
#1928=LINE('',#4723,#2267);
#1929=LINE('',#4725,#2268);
#1930=LINE('',#4727,#2269);
#1931=LINE('',#4729,#2270);
#1932=LINE('',#4730,#2271);
#1933=LINE('',#4732,#2272);
#1934=LINE('',#4734,#2273);
#1935=LINE('',#4736,#2274);
#1936=LINE('',#4738,#2275);
#1937=LINE('',#4741,#2276);
#1938=LINE('',#4742,#2277);
#1939=LINE('',#4744,#2278);
#1940=LINE('',#4747,#2279);
#1941=LINE('',#4748,#2280);
#1942=LINE('',#4750,#2281);
#1943=LINE('',#4753,#2282);
#1944=LINE('',#4754,#2283);
#1945=LINE('',#4756,#2284);
#1946=LINE('',#4759,#2285);
#1947=LINE('',#4760,#2286);
#1948=LINE('',#4775,#2287);
#1949=LINE('',#4777,#2288);
#1950=LINE('',#4778,#2289);
#1951=LINE('',#4780,#2290);
#1952=LINE('',#4782,#2291);
#1953=LINE('',#4787,#2292);
#1954=LINE('',#4790,#2293);
#1955=LINE('',#4792,#2294);
#1956=LINE('',#4794,#2295);
#1957=LINE('',#4795,#2296);
#1958=LINE('',#4804,#2297);
#1959=LINE('',#4813,#2298);
#1960=LINE('',#4816,#2299);
#1961=LINE('',#4817,#2300);
#1962=LINE('',#4819,#2301);
#1963=LINE('',#4822,#2302);
#1964=LINE('',#4823,#2303);
#1965=LINE('',#4825,#2304);
#1966=LINE('',#4828,#2305);
#1967=LINE('',#4829,#2306);
#1968=LINE('',#4831,#2307);
#1969=LINE('',#4832,#2308);
#1970=LINE('',#4834,#2309);
#1971=LINE('',#4836,#2310);
#1972=LINE('',#4837,#2311);
#1973=LINE('',#4839,#2312);
#1974=LINE('',#4841,#2313);
#1975=LINE('',#4843,#2314);
#1976=LINE('',#4846,#2315);
#1977=LINE('',#4847,#2316);
#1978=LINE('',#4849,#2317);
#1979=LINE('',#4852,#2318);
#1980=LINE('',#4853,#2319);
#1981=LINE('',#4855,#2320);
#1982=LINE('',#4856,#2321);
#1983=LINE('',#4858,#2322);
#1984=LINE('',#4859,#2323);
#1985=LINE('',#4861,#2324);
#1986=LINE('',#4863,#2325);
#1987=LINE('',#4865,#2326);
#1988=LINE('',#4868,#2327);
#1989=LINE('',#4869,#2328);
#1990=LINE('',#4871,#2329);
#1991=LINE('',#4874,#2330);
#1992=LINE('',#4875,#2331);
#1993=LINE('',#4877,#2332);
#1994=LINE('',#4880,#2333);
#1995=LINE('',#4881,#2334);
#1996=LINE('',#4883,#2335);
#1997=LINE('',#4885,#2336);
#1998=LINE('',#4886,#2337);
#1999=LINE('',#4887,#2338);
#2000=LINE('',#4889,#2339);
#2001=LINE('',#4892,#2340);
#2002=LINE('',#4893,#2341);
#2003=LINE('',#4895,#2342);
#2004=LINE('',#4898,#2343);
#2005=LINE('',#4899,#2344);
#2006=LINE('',#4901,#2345);
#2007=LINE('',#4904,#2346);
#2008=LINE('',#4905,#2347);
#2009=LINE('',#4939,#2348);
#2010=LINE('',#4940,#2349);
#2011=LINE('',#4947,#2350);
#2012=LINE('',#4948,#2351);
#2013=LINE('',#4952,#2352);
#2014=LINE('',#4953,#2353);
#2015=LINE('',#4955,#2354);
#2016=LINE('',#4956,#2355);
#2017=LINE('',#4961,#2356);
#2018=LINE('',#4962,#2357);
#2019=LINE('',#4980,#2358);
#2020=LINE('',#4982,#2359);
#2021=LINE('',#4984,#2360);
#2022=LINE('',#4988,#2361);
#2023=LINE('',#5021,#2362);
#2024=LINE('',#5023,#2363);
#2025=LINE('',#5027,#2364);
#2026=LINE('',#5029,#2365);
#2027=LINE('',#5030,#2366);
#2028=LINE('',#5034,#2367);
#2029=LINE('',#5038,#2368);
#2030=LINE('',#5041,#2369);
#2031=LINE('',#5043,#2370);
#2032=LINE('',#5046,#2371);
#2033=LINE('',#5048,#2372);
#2034=LINE('',#5051,#2373);
#2035=LINE('',#5053,#2374);
#2036=LINE('',#5083,#2375);
#2037=LINE('',#5085,#2376);
#2038=LINE('',#5087,#2377);
#2039=LINE('',#5091,#2378);
#2040=LINE('',#5093,#2379);
#2041=LINE('',#5095,#2380);
#2042=LINE('',#5096,#2381);
#2043=LINE('',#5098,#2382);
#2044=LINE('',#5100,#2383);
#2045=LINE('',#5102,#2384);
#2046=LINE('',#5104,#2385);
#2047=LINE('',#5108,#2386);
#2048=LINE('',#5110,#2387);
#2049=LINE('',#5112,#2388);
#2050=LINE('',#5114,#2389);
#2051=LINE('',#5116,#2390);
#2052=LINE('',#5118,#2391);
#2053=LINE('',#5120,#2392);
#2054=LINE('',#5122,#2393);
#2055=LINE('',#5124,#2394);
#2056=LINE('',#5126,#2395);
#2057=LINE('',#5131,#2396);
#2058=LINE('',#5133,#2397);
#2059=LINE('',#5137,#2398);
#2060=LINE('',#5139,#2399);
#2061=LINE('',#5142,#2400);
#2062=LINE('',#5144,#2401);
#2063=LINE('',#5146,#2402);
#2064=LINE('',#5148,#2403);
#2065=LINE('',#5151,#2404);
#2066=LINE('',#5155,#2405);
#2067=LINE('',#5157,#2406);
#2068=LINE('',#5159,#2407);
#2069=LINE('',#5161,#2408);
#2070=LINE('',#5163,#2409);
#2071=LINE('',#5165,#2410);
#2072=LINE('',#5168,#2411);
#2073=LINE('',#5170,#2412);
#2074=LINE('',#5172,#2413);
#2075=LINE('',#5174,#2414);
#2076=LINE('',#5178,#2415);
#2077=LINE('',#5180,#2416);
#2078=LINE('',#5185,#2417);
#2079=VECTOR('',#3379,1.);
#2080=VECTOR('',#3380,1.);
#2081=VECTOR('',#3381,1.);
#2082=VECTOR('',#3382,1.);
#2083=VECTOR('',#3383,1.);
#2084=VECTOR('',#3384,1.);
#2085=VECTOR('',#3385,1.);
#2086=VECTOR('',#3386,1.);
#2087=VECTOR('',#3389,1.);
#2088=VECTOR('',#3390,1.);
#2089=VECTOR('',#3391,1.);
#2090=VECTOR('',#3392,1.);
#2091=VECTOR('',#3395,1.);
#2092=VECTOR('',#3396,1.);
#2093=VECTOR('',#3397,1.);
#2094=VECTOR('',#3398,1.);
#2095=VECTOR('',#3399,1.);
#2096=VECTOR('',#3408,1.);
#2097=VECTOR('',#3409,1.);
#2098=VECTOR('',#3412,1.);
#2099=VECTOR('',#3417,1.);
#2100=VECTOR('',#3418,1.);
#2101=VECTOR('',#3419,1.);
#2102=VECTOR('',#3420,1.);
#2103=VECTOR('',#3425,1.);
#2104=VECTOR('',#3426,1.);
#2105=VECTOR('',#3431,1.);
#2106=VECTOR('',#3434,1.);
#2107=VECTOR('',#3435,1.);
#2108=VECTOR('',#3436,1.);
#2109=VECTOR('',#3437,1.);
#2110=VECTOR('',#3438,1.);
#2111=VECTOR('',#3441,1.);
#2112=VECTOR('',#3442,1.);
#2113=VECTOR('',#3443,1.);
#2114=VECTOR('',#3450,1.);
#2115=VECTOR('',#3451,1.);
#2116=VECTOR('',#3454,1.);
#2117=VECTOR('',#3455,1.);
#2118=VECTOR('',#3458,1.);
#2119=VECTOR('',#3461,1.);
#2120=VECTOR('',#3462,1.);
#2121=VECTOR('',#3465,1.);
#2122=VECTOR('',#3466,1.);
#2123=VECTOR('',#3469,1.);
#2124=VECTOR('',#3472,1.);
#2125=VECTOR('',#3475,1.);
#2126=VECTOR('',#3478,1.);
#2127=VECTOR('',#3479,1.);
#2128=VECTOR('',#3480,1.);
#2129=VECTOR('',#3481,1.);
#2130=VECTOR('',#3482,1.);
#2131=VECTOR('',#3483,1.);
#2132=VECTOR('',#3486,1.);
#2133=VECTOR('',#3489,1.);
#2134=VECTOR('',#3490,1.);
#2135=VECTOR('',#3491,1.);
#2136=VECTOR('',#3492,1.);
#2137=VECTOR('',#3493,1.);
#2138=VECTOR('',#3496,1.);
#2139=VECTOR('',#3505,1.);
#2140=VECTOR('',#3506,1.);
#2141=VECTOR('',#3509,1.);
#2142=VECTOR('',#3510,1.);
#2143=VECTOR('',#3511,1.);
#2144=VECTOR('',#3514,1.);
#2145=VECTOR('',#3519,1.);
#2146=VECTOR('',#3520,1.);
#2147=VECTOR('',#3521,1.);
#2148=VECTOR('',#3522,1.);
#2149=VECTOR('',#3523,1.);
#2150=VECTOR('',#3524,1.);
#2151=VECTOR('',#3527,1.);
#2152=VECTOR('',#3534,1.);
#2153=VECTOR('',#3535,1.);
#2154=VECTOR('',#3538,1.);
#2155=VECTOR('',#3539,1.);
#2156=VECTOR('',#3542,1.);
#2157=VECTOR('',#3543,1.);
#2158=VECTOR('',#3546,1.);
#2159=VECTOR('',#3547,1.);
#2160=VECTOR('',#3548,1.);
#2161=VECTOR('',#3549,1.);
#2162=VECTOR('',#3550,1.);
#2163=VECTOR('',#3551,1.);
#2164=VECTOR('',#3554,1.);
#2165=VECTOR('',#3555,1.);
#2166=VECTOR('',#3556,1.);
#2167=VECTOR('',#3557,1.);
#2168=VECTOR('',#3558,1.);
#2169=VECTOR('',#3559,1.);
#2170=VECTOR('',#3566,1.);
#2171=VECTOR('',#3569,1.);
#2172=VECTOR('',#3572,1.);
#2173=VECTOR('',#3575,1.);
#2174=VECTOR('',#3586,1.);
#2175=VECTOR('',#3587,1.);
#2176=VECTOR('',#3588,1.);
#2177=VECTOR('',#3589,1.);
#2178=VECTOR('',#3590,1.);
#2179=VECTOR('',#3595,1.);
#2180=VECTOR('',#3596,1.);
#2181=VECTOR('',#3597,1.);
#2182=VECTOR('',#3598,1.);
#2183=VECTOR('',#3599,1.);
#2184=VECTOR('',#3600,1.);
#2185=VECTOR('',#3603,1.);
#2186=VECTOR('',#3606,1.);
#2187=VECTOR('',#3609,1.);
#2188=VECTOR('',#3610,1.);
#2189=VECTOR('',#3611,1.);
#2190=VECTOR('',#3612,1.);
#2191=VECTOR('',#3617,1.);
#2192=VECTOR('',#3618,1.);
#2193=VECTOR('',#3619,1.);
#2194=VECTOR('',#3620,1.);
#2195=VECTOR('',#3621,1.);
#2196=VECTOR('',#3624,1.);
#2197=VECTOR('',#3625,1.);
#2198=VECTOR('',#3628,1.);
#2199=VECTOR('',#3631,1.);
#2200=VECTOR('',#3632,1.);
#2201=VECTOR('',#3633,1.);
#2202=VECTOR('',#3636,1.);
#2203=VECTOR('',#3637,1.);
#2204=VECTOR('',#3638,1.);
#2205=VECTOR('',#3639,1.);
#2206=VECTOR('',#3640,1.);
#2207=VECTOR('',#3643,1.);
#2208=VECTOR('',#3644,1.);
#2209=VECTOR('',#3645,1.);
#2210=VECTOR('',#3646,1.);
#2211=VECTOR('',#3647,1.);
#2212=VECTOR('',#3650,1.);
#2213=VECTOR('',#3651,1.);
#2214=VECTOR('',#3652,1.);
#2215=VECTOR('',#3653,1.);
#2216=VECTOR('',#3654,1.);
#2217=VECTOR('',#3657,1.);
#2218=VECTOR('',#3660,1.);
#2219=VECTOR('',#3665,1.);
#2220=VECTOR('',#3668,1.);
#2221=VECTOR('',#3669,1.);
#2222=VECTOR('',#3672,1.);
#2223=VECTOR('',#3673,1.);
#2224=VECTOR('',#3674,1.);
#2225=VECTOR('',#3679,1.);
#2226=VECTOR('',#3680,1.);
#2227=VECTOR('',#3681,1.);
#2228=VECTOR('',#3684,1.);
#2229=VECTOR('',#3685,1.);
#2230=VECTOR('',#3686,1.);
#2231=VECTOR('',#3689,1.);
#2232=VECTOR('',#3690,1.);
#2233=VECTOR('',#3691,1.);
#2234=VECTOR('',#3694,1.);
#2235=VECTOR('',#3695,1.);
#2236=VECTOR('',#3698,1.);
#2237=VECTOR('',#3699,1.);
#2238=VECTOR('',#3700,1.);
#2239=VECTOR('',#3701,1.);
#2240=VECTOR('',#3702,1.);
#2241=VECTOR('',#3705,1.);
#2242=VECTOR('',#3706,1.);
#2243=VECTOR('',#3707,1.);
#2244=VECTOR('',#3710,1.);
#2245=VECTOR('',#3711,1.);
#2246=VECTOR('',#3712,1.);
#2247=VECTOR('',#3715,1.);
#2248=VECTOR('',#3716,1.);
#2249=VECTOR('',#3717,1.);
#2250=VECTOR('',#3720,1.);
#2251=VECTOR('',#3721,1.);
#2252=VECTOR('',#3722,1.);
#2253=VECTOR('',#3723,1.);
#2254=VECTOR('',#3726,1.);
#2255=VECTOR('',#3727,1.);
#2256=VECTOR('',#3728,1.);
#2257=VECTOR('',#3731,1.);
#2258=VECTOR('',#3732,1.);
#2259=VECTOR('',#3733,1.);
#2260=VECTOR('',#3736,1.);
#2261=VECTOR('',#3737,1.);
#2262=VECTOR('',#3738,1.);
#2263=VECTOR('',#3741,1.);
#2264=VECTOR('',#3742,1.);
#2265=VECTOR('',#3743,1.);
#2266=VECTOR('',#3744,1.);
#2267=VECTOR('',#3747,1.);
#2268=VECTOR('',#3748,1.);
#2269=VECTOR('',#3749,1.);
#2270=VECTOR('',#3750,1.);
#2271=VECTOR('',#3751,1.);
#2272=VECTOR('',#3752,1.);
#2273=VECTOR('',#3755,1.);
#2274=VECTOR('',#3756,1.);
#2275=VECTOR('',#3759,1.);
#2276=VECTOR('',#3760,1.);
#2277=VECTOR('',#3761,1.);
#2278=VECTOR('',#3764,1.);
#2279=VECTOR('',#3765,1.);
#2280=VECTOR('',#3766,1.);
#2281=VECTOR('',#3769,1.);
#2282=VECTOR('',#3770,1.);
#2283=VECTOR('',#3771,1.);
#2284=VECTOR('',#3774,1.);
#2285=VECTOR('',#3775,1.);
#2286=VECTOR('',#3776,1.);
#2287=VECTOR('',#3779,1.);
#2288=VECTOR('',#3782,1.);
#2289=VECTOR('',#3783,1.);
#2290=VECTOR('',#3786,1.);
#2291=VECTOR('',#3787,1.);
#2292=VECTOR('',#3792,1.);
#2293=VECTOR('',#3795,1.);
#2294=VECTOR('',#3798,1.);
#2295=VECTOR('',#3799,1.);
#2296=VECTOR('',#3800,1.);
#2297=VECTOR('',#3801,1.);
#2298=VECTOR('',#3806,1.);
#2299=VECTOR('',#3807,1.);
#2300=VECTOR('',#3808,1.);
#2301=VECTOR('',#3811,1.);
#2302=VECTOR('',#3812,1.);
#2303=VECTOR('',#3813,1.);
#2304=VECTOR('',#3816,1.);
#2305=VECTOR('',#3817,1.);
#2306=VECTOR('',#3818,1.);
#2307=VECTOR('',#3821,1.);
#2308=VECTOR('',#3822,1.);
#2309=VECTOR('',#3825,1.);
#2310=VECTOR('',#3826,1.);
#2311=VECTOR('',#3827,1.);
#2312=VECTOR('',#3828,1.);
#2313=VECTOR('',#3829,1.);
#2314=VECTOR('',#3832,1.);
#2315=VECTOR('',#3833,1.);
#2316=VECTOR('',#3834,1.);
#2317=VECTOR('',#3837,1.);
#2318=VECTOR('',#3838,1.);
#2319=VECTOR('',#3839,1.);
#2320=VECTOR('',#3842,1.);
#2321=VECTOR('',#3843,1.);
#2322=VECTOR('',#3846,1.);
#2323=VECTOR('',#3847,1.);
#2324=VECTOR('',#3848,1.);
#2325=VECTOR('',#3849,1.);
#2326=VECTOR('',#3852,1.);
#2327=VECTOR('',#3853,1.);
#2328=VECTOR('',#3854,1.);
#2329=VECTOR('',#3857,1.);
#2330=VECTOR('',#3858,1.);
#2331=VECTOR('',#3859,1.);
#2332=VECTOR('',#3862,1.);
#2333=VECTOR('',#3863,1.);
#2334=VECTOR('',#3864,1.);
#2335=VECTOR('',#3867,1.);
#2336=VECTOR('',#3868,1.);
#2337=VECTOR('',#3869,1.);
#2338=VECTOR('',#3870,1.);
#2339=VECTOR('',#3873,1.);
#2340=VECTOR('',#3874,1.);
#2341=VECTOR('',#3875,1.);
#2342=VECTOR('',#3878,1.);
#2343=VECTOR('',#3879,1.);
#2344=VECTOR('',#3880,1.);
#2345=VECTOR('',#3883,1.);
#2346=VECTOR('',#3884,1.);
#2347=VECTOR('',#3885,1.);
#2348=VECTOR('',#3928,1.);
#2349=VECTOR('',#3929,1.);
#2350=VECTOR('',#3936,1.);
#2351=VECTOR('',#3937,1.);
#2352=VECTOR('',#3940,1.);
#2353=VECTOR('',#3941,1.);
#2354=VECTOR('',#3944,1.);
#2355=VECTOR('',#3945,1.);
#2356=VECTOR('',#3952,1.);
#2357=VECTOR('',#3953,1.);
#2358=VECTOR('',#3980,1.);
#2359=VECTOR('',#3981,1.);
#2360=VECTOR('',#3984,1.);
#2361=VECTOR('',#3989,1.);
#2362=VECTOR('',#3992,1.);
#2363=VECTOR('',#3993,1.);
#2364=VECTOR('',#3998,1.);
#2365=VECTOR('',#3999,1.);
#2366=VECTOR('',#4000,1.);
#2367=VECTOR('',#4003,1.);
#2368=VECTOR('',#4006,1.);
#2369=VECTOR('',#4011,1.);
#2370=VECTOR('',#4014,1.);
#2371=VECTOR('',#4019,1.);
#2372=VECTOR('',#4022,1.);
#2373=VECTOR('',#4027,1.);
#2374=VECTOR('',#4028,1.);
#2375=VECTOR('',#4031,1.);
#2376=VECTOR('',#4032,1.);
#2377=VECTOR('',#4035,1.);
#2378=VECTOR('',#4040,1.);
#2379=VECTOR('',#4043,1.);
#2380=VECTOR('',#4044,1.);
#2381=VECTOR('',#4045,1.);
#2382=VECTOR('',#4046,1.);
#2383=VECTOR('',#4049,1.);
#2384=VECTOR('',#4050,1.);
#2385=VECTOR('',#4051,1.);
#2386=VECTOR('',#4058,1.);
#2387=VECTOR('',#4059,1.);
#2388=VECTOR('',#4062,1.);
#2389=VECTOR('',#4065,1.);
#2390=VECTOR('',#4066,1.);
#2391=VECTOR('',#4069,1.);
#2392=VECTOR('',#4070,1.);
#2393=VECTOR('',#4073,1.);
#2394=VECTOR('',#4076,1.);
#2395=VECTOR('',#4077,1.);
#2396=VECTOR('',#4086,1.);
#2397=VECTOR('',#4089,1.);
#2398=VECTOR('',#4096,1.);
#2399=VECTOR('',#4099,1.);
#2400=VECTOR('',#4104,1.);
#2401=VECTOR('',#4107,1.);
#2402=VECTOR('',#4110,1.);
#2403=VECTOR('',#4113,1.);
#2404=VECTOR('',#4118,1.);
#2405=VECTOR('',#4121,1.);
#2406=VECTOR('',#4124,1.);
#2407=VECTOR('',#4127,1.);
#2408=VECTOR('',#4128,1.);
#2409=VECTOR('',#4131,1.);
#2410=VECTOR('',#4134,1.);
#2411=VECTOR('',#4139,1.);
#2412=VECTOR('',#4140,1.);
#2413=VECTOR('',#4143,1.);
#2414=VECTOR('',#4146,1.);
#2415=VECTOR('',#4151,1.);
#2416=VECTOR('',#4152,1.);
#2417=VECTOR('',#4161,1.);
#2418=EDGE_LOOP('',(#144,#145,#146,#147,#148,#149,#150,#151));
#2419=EDGE_LOOP('',(#152,#153,#154,#155,#156));
#2420=EDGE_LOOP('',(#157,#158,#159,#160,#161));
#2421=EDGE_LOOP('',(#162));
#2422=EDGE_LOOP('',(#163));
#2423=EDGE_LOOP('',(#164));
#2424=EDGE_LOOP('',(#165,#166,#167,#168,#169,#170,#171,#172,#173,#174,#175,
#176,#177,#178,#179,#180,#181,#182,#183,#184,#185,#186,#187,#188,#189));
#2425=EDGE_LOOP('',(#190,#191,#192,#193));
#2426=EDGE_LOOP('',(#194));
#2427=EDGE_LOOP('',(#195,#196,#197,#198));
#2428=EDGE_LOOP('',(#199,#200,#201,#202,#203,#204,#205,#206,#207,#208,#209));
#2429=EDGE_LOOP('',(#210,#211,#212,#213,#214,#215));
#2430=EDGE_LOOP('',(#216,#217,#218,#219,#220,#221));
#2431=EDGE_LOOP('',(#222,#223,#224,#225,#226,#227,#228,#229,#230));
#2432=EDGE_LOOP('',(#231));
#2433=EDGE_LOOP('',(#232));
#2434=EDGE_LOOP('',(#233,#234,#235,#236,#237,#238,#239,#240,#241,#242));
#2435=EDGE_LOOP('',(#243));
#2436=EDGE_LOOP('',(#244,#245,#246,#247,#248,#249,#250,#251,#252));
#2437=EDGE_LOOP('',(#253,#254,#255,#256,#257,#258,#259,#260));
#2438=EDGE_LOOP('',(#261,#262,#263,#264));
#2439=EDGE_LOOP('',(#265,#266,#267,#268,#269,#270));
#2440=EDGE_LOOP('',(#271,#272,#273,#274,#275,#276,#277,#278));
#2441=EDGE_LOOP('',(#279));
#2442=EDGE_LOOP('',(#280,#281,#282,#283,#284,#285,#286,#287));
#2443=EDGE_LOOP('',(#288));
#2444=EDGE_LOOP('',(#289));
#2445=EDGE_LOOP('',(#290));
#2446=EDGE_LOOP('',(#291,#292,#293,#294,#295,#296,#297,#298,#299,#300));
#2447=EDGE_LOOP('',(#301,#302,#303,#304,#305,#306,#307,#308));
#2448=EDGE_LOOP('',(#309,#310,#311,#312,#313,#314,#315,#316,#317));
#2449=EDGE_LOOP('',(#318));
#2450=EDGE_LOOP('',(#319,#320,#321,#322,#323,#324));
#2451=EDGE_LOOP('',(#325,#326,#327,#328,#329,#330,#331,#332));
#2452=EDGE_LOOP('',(#333,#334,#335,#336,#337,#338));
#2453=EDGE_LOOP('',(#339,#340,#341,#342,#343,#344));
#2454=EDGE_LOOP('',(#345,#346,#347,#348,#349,#350));
#2455=EDGE_LOOP('',(#351,#352,#353,#354,#355));
#2456=EDGE_LOOP('',(#356,#357,#358,#359));
#2457=EDGE_LOOP('',(#360,#361,#362,#363,#364,#365,#366,#367));
#2458=EDGE_LOOP('',(#368,#369,#370,#371));
#2459=EDGE_LOOP('',(#372,#373,#374,#375,#376));
#2460=EDGE_LOOP('',(#377,#378,#379,#380));
#2461=EDGE_LOOP('',(#381,#382,#383,#384));
#2462=EDGE_LOOP('',(#385,#386,#387,#388));
#2463=EDGE_LOOP('',(#389,#390,#391,#392,#393));
#2464=EDGE_LOOP('',(#394,#395,#396,#397,#398,#399,#400));
#2465=EDGE_LOOP('',(#401,#402,#403,#404));
#2466=EDGE_LOOP('',(#405,#406,#407,#408));
#2467=EDGE_LOOP('',(#409,#410,#411,#412));
#2468=EDGE_LOOP('',(#413,#414,#415,#416,#417,#418));
#2469=EDGE_LOOP('',(#419,#420,#421,#422));
#2470=EDGE_LOOP('',(#423,#424,#425,#426));
#2471=EDGE_LOOP('',(#427,#428,#429,#430));
#2472=EDGE_LOOP('',(#431,#432,#433,#434,#435,#436,#437));
#2473=EDGE_LOOP('',(#438,#439,#440,#441,#442,#443,#444,#445,#446));
#2474=EDGE_LOOP('',(#447,#448,#449,#450));
#2475=EDGE_LOOP('',(#451,#452,#453,#454,#455));
#2476=EDGE_LOOP('',(#456,#457,#458,#459));
#2477=EDGE_LOOP('',(#460,#461,#462,#463));
#2478=EDGE_LOOP('',(#464,#465,#466,#467));
#2479=EDGE_LOOP('',(#468,#469,#470,#471,#472));
#2480=EDGE_LOOP('',(#473,#474,#475,#476,#477));
#2481=EDGE_LOOP('',(#478,#479,#480,#481));
#2482=EDGE_LOOP('',(#482,#483,#484,#485,#486,#487));
#2483=EDGE_LOOP('',(#488,#489,#490,#491,#492));
#2484=EDGE_LOOP('',(#493,#494,#495,#496,#497));
#2485=EDGE_LOOP('',(#498,#499,#500,#501));
#2486=EDGE_LOOP('',(#502,#503,#504,#505));
#2487=EDGE_LOOP('',(#506,#507,#508,#509));
#2488=EDGE_LOOP('',(#510,#511,#512,#513,#514));
#2489=EDGE_LOOP('',(#515,#516,#517,#518,#519,#520,#521));
#2490=EDGE_LOOP('',(#522,#523,#524,#525));
#2491=EDGE_LOOP('',(#526,#527,#528,#529));
#2492=EDGE_LOOP('',(#530,#531,#532,#533));
#2493=EDGE_LOOP('',(#534,#535,#536,#537,#538,#539));
#2494=EDGE_LOOP('',(#540,#541,#542,#543));
#2495=EDGE_LOOP('',(#544,#545,#546,#547));
#2496=EDGE_LOOP('',(#548,#549,#550,#551));
#2497=EDGE_LOOP('',(#552,#553,#554,#555,#556,#557,#558));
#2498=EDGE_LOOP('',(#559,#560,#561,#562,#563));
#2499=EDGE_LOOP('',(#564,#565,#566,#567));
#2500=EDGE_LOOP('',(#568,#569,#570,#571));
#2501=EDGE_LOOP('',(#572));
#2502=EDGE_LOOP('',(#573));
#2503=EDGE_LOOP('',(#574));
#2504=EDGE_LOOP('',(#575));
#2505=EDGE_LOOP('',(#576));
#2506=EDGE_LOOP('',(#577));
#2507=EDGE_LOOP('',(#578));
#2508=EDGE_LOOP('',(#579));
#2509=EDGE_LOOP('',(#580));
#2510=EDGE_LOOP('',(#581));
#2511=EDGE_LOOP('',(#582));
#2512=EDGE_LOOP('',(#583));
#2513=EDGE_LOOP('',(#584));
#2514=EDGE_LOOP('',(#585));
#2515=EDGE_LOOP('',(#586));
#2516=EDGE_LOOP('',(#587));
#2517=EDGE_LOOP('',(#588));
#2518=EDGE_LOOP('',(#589));
#2519=EDGE_LOOP('',(#590));
#2520=EDGE_LOOP('',(#591,#592,#593,#594));
#2521=EDGE_LOOP('',(#595));
#2522=EDGE_LOOP('',(#596,#597,#598,#599,#600,#601,#602,#603));
#2523=EDGE_LOOP('',(#604,#605,#606,#607));
#2524=EDGE_LOOP('',(#608));
#2525=EDGE_LOOP('',(#609));
#2526=EDGE_LOOP('',(#610,#611,#612,#613,#614,#615,#616,#617,#618,#619,#620,
#621,#622,#623,#624,#625,#626,#627,#628,#629,#630,#631,#632,#633,#634,#635,
#636,#637,#638,#639,#640,#641,#642,#643,#644,#645,#646,#647,#648,#649,#650,
#651,#652,#653,#654,#655,#656,#657,#658,#659,#660,#661,#662,#663,#664,#665,
#666,#667,#668));
#2527=EDGE_LOOP('',(#669));
#2528=EDGE_LOOP('',(#670));
#2529=EDGE_LOOP('',(#671));
#2530=EDGE_LOOP('',(#672));
#2531=EDGE_LOOP('',(#673,#674,#675,#676,#677,#678));
#2532=EDGE_LOOP('',(#679,#680,#681,#682,#683,#684));
#2533=EDGE_LOOP('',(#685,#686,#687,#688,#689,#690));
#2534=EDGE_LOOP('',(#691,#692,#693,#694,#695,#696));
#2535=EDGE_LOOP('',(#697,#698,#699,#700,#701,#702));
#2536=EDGE_LOOP('',(#703,#704,#705,#706,#707,#708));
#2537=EDGE_LOOP('',(#709,#710,#711,#712,#713,#714));
#2538=EDGE_LOOP('',(#715,#716,#717,#718,#719,#720));
#2539=EDGE_LOOP('',(#721,#722,#723,#724));
#2540=EDGE_LOOP('',(#725,#726,#727,#728));
#2541=EDGE_LOOP('',(#729,#730,#731,#732));
#2542=EDGE_LOOP('',(#733,#734,#735,#736));
#2543=EDGE_LOOP('',(#737,#738,#739,#740));
#2544=EDGE_LOOP('',(#741,#742,#743,#744,#745,#746,#747,#748,#749,#750,#751,
#752,#753,#754,#755,#756,#757,#758));
#2545=EDGE_LOOP('',(#759,#760,#761,#762));
#2546=EDGE_LOOP('',(#763,#764,#765,#766));
#2547=EDGE_LOOP('',(#767,#768,#769,#770));
#2548=EDGE_LOOP('',(#771,#772,#773,#774));
#2549=EDGE_LOOP('',(#775,#776,#777,#778));
#2550=EDGE_LOOP('',(#779,#780,#781,#782));
#2551=EDGE_LOOP('',(#783,#784,#785,#786));
#2552=EDGE_LOOP('',(#787,#788,#789,#790));
#2553=EDGE_LOOP('',(#791,#792,#793,#794));
#2554=EDGE_LOOP('',(#795,#796,#797,#798));
#2555=EDGE_LOOP('',(#799,#800,#801,#802));
#2556=EDGE_LOOP('',(#803,#804,#805,#806));
#2557=EDGE_LOOP('',(#807,#808,#809,#810,#811,#812,#813,#814,#815,#816,#817,
#818,#819,#820,#821));
#2558=EDGE_LOOP('',(#822,#823,#824,#825));
#2559=EDGE_LOOP('',(#826,#827,#828,#829));
#2560=EDGE_LOOP('',(#830,#831,#832,#833));
#2561=EDGE_LOOP('',(#834,#835,#836,#837));
#2562=EDGE_LOOP('',(#838,#839,#840,#841));
#2563=EDGE_LOOP('',(#842,#843,#844,#845));
#2564=EDGE_LOOP('',(#846,#847,#848,#849));
#2565=EDGE_LOOP('',(#850,#851,#852,#853));
#2566=EDGE_LOOP('',(#854,#855,#856,#857));
#2567=EDGE_LOOP('',(#858,#859,#860,#861,#862,#863,#864,#865,#866,#867,#868,
#869,#870));
#2568=EDGE_LOOP('',(#871,#872,#873,#874));
#2569=EDGE_LOOP('',(#875,#876,#877,#878));
#2570=EDGE_LOOP('',(#879,#880,#881,#882));
#2571=EDGE_LOOP('',(#883,#884,#885,#886));
#2572=EDGE_LOOP('',(#887,#888,#889,#890));
#2573=EDGE_LOOP('',(#891,#892,#893,#894));
#2574=EDGE_LOOP('',(#895,#896,#897,#898));
#2575=EDGE_LOOP('',(#899,#900,#901,#902));
#2576=EDGE_LOOP('',(#903,#904,#905,#906));
#2577=EDGE_LOOP('',(#907,#908,#909,#910));
#2578=EDGE_LOOP('',(#911,#912,#913,#914));
#2579=EDGE_LOOP('',(#915,#916,#917,#918));
#2580=EDGE_LOOP('',(#919,#920,#921,#922));
#2581=EDGE_LOOP('',(#923,#924,#925,#926));
#2582=EDGE_LOOP('',(#927,#928,#929,#930));
#2583=EDGE_LOOP('',(#931,#932,#933,#934));
#2584=EDGE_LOOP('',(#935,#936,#937,#938));
#2585=EDGE_LOOP('',(#939,#940,#941,#942,#943,#944,#945));
#2586=EDGE_LOOP('',(#946,#947,#948,#949));
#2587=EDGE_LOOP('',(#950,#951,#952,#953));
#2588=EDGE_LOOP('',(#954,#955,#956,#957));
#2589=EDGE_LOOP('',(#958,#959,#960,#961));
#2590=EDGE_LOOP('',(#962,#963,#964,#965));
#2591=EDGE_LOOP('',(#966,#967,#968,#969,#970,#971,#972,#973,#974));
#2592=EDGE_LOOP('',(#975,#976,#977,#978));
#2593=EDGE_LOOP('',(#979,#980,#981,#982,#983));
#2594=EDGE_LOOP('',(#984));
#2595=EDGE_LOOP('',(#985));
#2596=EDGE_LOOP('',(#986));
#2597=EDGE_LOOP('',(#987));
#2598=EDGE_LOOP('',(#988));
#2599=EDGE_LOOP('',(#989));
#2600=EDGE_LOOP('',(#990));
#2601=EDGE_LOOP('',(#991));
#2602=EDGE_LOOP('',(#992));
#2603=EDGE_LOOP('',(#993));
#2604=EDGE_LOOP('',(#994));
#2605=EDGE_LOOP('',(#995));
#2606=EDGE_LOOP('',(#996));
#2607=EDGE_LOOP('',(#997));
#2608=EDGE_LOOP('',(#998));
#2609=EDGE_LOOP('',(#999));
#2610=EDGE_LOOP('',(#1000));
#2611=EDGE_LOOP('',(#1001));
#2612=EDGE_LOOP('',(#1002));
#2613=EDGE_LOOP('',(#1003));
#2614=EDGE_LOOP('',(#1004));
#2615=EDGE_LOOP('',(#1005));
#2616=EDGE_LOOP('',(#1006));
#2617=EDGE_LOOP('',(#1007));
#2618=EDGE_LOOP('',(#1008));
#2619=EDGE_LOOP('',(#1009));
#2620=FACE_BOUND('',#2418,.T.);
#2621=FACE_BOUND('',#2419,.T.);
#2622=FACE_BOUND('',#2420,.T.);
#2623=FACE_BOUND('',#2421,.T.);
#2624=FACE_BOUND('',#2422,.T.);
#2625=FACE_BOUND('',#2423,.T.);
#2626=FACE_BOUND('',#2424,.T.);
#2627=FACE_BOUND('',#2425,.T.);
#2628=FACE_BOUND('',#2426,.T.);
#2629=FACE_BOUND('',#2427,.T.);
#2630=FACE_BOUND('',#2428,.T.);
#2631=FACE_BOUND('',#2429,.T.);
#2632=FACE_BOUND('',#2430,.T.);
#2633=FACE_BOUND('',#2431,.T.);
#2634=FACE_BOUND('',#2432,.T.);
#2635=FACE_BOUND('',#2433,.T.);
#2636=FACE_BOUND('',#2434,.T.);
#2637=FACE_BOUND('',#2435,.T.);
#2638=FACE_BOUND('',#2436,.T.);
#2639=FACE_BOUND('',#2437,.T.);
#2640=FACE_BOUND('',#2438,.T.);
#2641=FACE_BOUND('',#2439,.T.);
#2642=FACE_BOUND('',#2440,.T.);
#2643=FACE_BOUND('',#2441,.T.);
#2644=FACE_BOUND('',#2442,.T.);
#2645=FACE_BOUND('',#2443,.T.);
#2646=FACE_BOUND('',#2444,.T.);
#2647=FACE_BOUND('',#2445,.T.);
#2648=FACE_BOUND('',#2446,.T.);
#2649=FACE_BOUND('',#2447,.T.);
#2650=FACE_BOUND('',#2448,.T.);
#2651=FACE_BOUND('',#2449,.T.);
#2652=FACE_BOUND('',#2450,.T.);
#2653=FACE_BOUND('',#2451,.T.);
#2654=FACE_BOUND('',#2452,.T.);
#2655=FACE_BOUND('',#2453,.T.);
#2656=FACE_BOUND('',#2454,.T.);
#2657=FACE_BOUND('',#2455,.T.);
#2658=FACE_BOUND('',#2456,.T.);
#2659=FACE_BOUND('',#2457,.T.);
#2660=FACE_BOUND('',#2458,.T.);
#2661=FACE_BOUND('',#2459,.T.);
#2662=FACE_BOUND('',#2460,.T.);
#2663=FACE_BOUND('',#2461,.T.);
#2664=FACE_BOUND('',#2462,.T.);
#2665=FACE_BOUND('',#2463,.T.);
#2666=FACE_BOUND('',#2464,.T.);
#2667=FACE_BOUND('',#2465,.T.);
#2668=FACE_BOUND('',#2466,.T.);
#2669=FACE_BOUND('',#2467,.T.);
#2670=FACE_BOUND('',#2468,.T.);
#2671=FACE_BOUND('',#2469,.T.);
#2672=FACE_BOUND('',#2470,.T.);
#2673=FACE_BOUND('',#2471,.T.);
#2674=FACE_BOUND('',#2472,.T.);
#2675=FACE_BOUND('',#2473,.T.);
#2676=FACE_BOUND('',#2474,.T.);
#2677=FACE_BOUND('',#2475,.T.);
#2678=FACE_BOUND('',#2476,.T.);
#2679=FACE_BOUND('',#2477,.T.);
#2680=FACE_BOUND('',#2478,.T.);
#2681=FACE_BOUND('',#2479,.T.);
#2682=FACE_BOUND('',#2480,.T.);
#2683=FACE_BOUND('',#2481,.T.);
#2684=FACE_BOUND('',#2482,.T.);
#2685=FACE_BOUND('',#2483,.T.);
#2686=FACE_BOUND('',#2484,.T.);
#2687=FACE_BOUND('',#2485,.T.);
#2688=FACE_BOUND('',#2486,.T.);
#2689=FACE_BOUND('',#2487,.T.);
#2690=FACE_BOUND('',#2488,.T.);
#2691=FACE_BOUND('',#2489,.T.);
#2692=FACE_BOUND('',#2490,.T.);
#2693=FACE_BOUND('',#2491,.T.);
#2694=FACE_BOUND('',#2492,.T.);
#2695=FACE_BOUND('',#2493,.T.);
#2696=FACE_BOUND('',#2494,.T.);
#2697=FACE_BOUND('',#2495,.T.);
#2698=FACE_BOUND('',#2496,.T.);
#2699=FACE_BOUND('',#2497,.T.);
#2700=FACE_BOUND('',#2498,.T.);
#2701=FACE_BOUND('',#2499,.T.);
#2702=FACE_BOUND('',#2500,.T.);
#2703=FACE_BOUND('',#2501,.T.);
#2704=FACE_BOUND('',#2502,.T.);
#2705=FACE_BOUND('',#2503,.T.);
#2706=FACE_BOUND('',#2504,.T.);
#2707=FACE_BOUND('',#2505,.T.);
#2708=FACE_BOUND('',#2506,.T.);
#2709=FACE_BOUND('',#2507,.T.);
#2710=FACE_BOUND('',#2508,.T.);
#2711=FACE_BOUND('',#2509,.T.);
#2712=FACE_BOUND('',#2510,.T.);
#2713=FACE_BOUND('',#2511,.T.);
#2714=FACE_BOUND('',#2512,.T.);
#2715=FACE_BOUND('',#2513,.T.);
#2716=FACE_BOUND('',#2514,.T.);
#2717=FACE_BOUND('',#2515,.T.);
#2718=FACE_BOUND('',#2516,.T.);
#2719=FACE_BOUND('',#2517,.T.);
#2720=FACE_BOUND('',#2518,.T.);
#2721=FACE_BOUND('',#2519,.T.);
#2722=FACE_BOUND('',#2520,.T.);
#2723=FACE_BOUND('',#2521,.T.);
#2724=FACE_BOUND('',#2522,.T.);
#2725=FACE_BOUND('',#2523,.T.);
#2726=FACE_BOUND('',#2524,.T.);
#2727=FACE_BOUND('',#2525,.T.);
#2728=FACE_BOUND('',#2526,.T.);
#2729=FACE_BOUND('',#2527,.T.);
#2730=FACE_BOUND('',#2528,.T.);
#2731=FACE_BOUND('',#2529,.T.);
#2732=FACE_BOUND('',#2530,.T.);
#2733=FACE_BOUND('',#2531,.T.);
#2734=FACE_BOUND('',#2532,.T.);
#2735=FACE_BOUND('',#2533,.T.);
#2736=FACE_BOUND('',#2534,.T.);
#2737=FACE_BOUND('',#2535,.T.);
#2738=FACE_BOUND('',#2536,.T.);
#2739=FACE_BOUND('',#2537,.T.);
#2740=FACE_BOUND('',#2538,.T.);
#2741=FACE_BOUND('',#2539,.T.);
#2742=FACE_BOUND('',#2540,.T.);
#2743=FACE_BOUND('',#2541,.T.);
#2744=FACE_BOUND('',#2542,.T.);
#2745=FACE_BOUND('',#2543,.T.);
#2746=FACE_BOUND('',#2544,.T.);
#2747=FACE_BOUND('',#2545,.T.);
#2748=FACE_BOUND('',#2546,.T.);
#2749=FACE_BOUND('',#2547,.T.);
#2750=FACE_BOUND('',#2548,.T.);
#2751=FACE_BOUND('',#2549,.T.);
#2752=FACE_BOUND('',#2550,.T.);
#2753=FACE_BOUND('',#2551,.T.);
#2754=FACE_BOUND('',#2552,.T.);
#2755=FACE_BOUND('',#2553,.T.);
#2756=FACE_BOUND('',#2554,.T.);
#2757=FACE_BOUND('',#2555,.T.);
#2758=FACE_BOUND('',#2556,.T.);
#2759=FACE_BOUND('',#2557,.T.);
#2760=FACE_BOUND('',#2558,.T.);
#2761=FACE_BOUND('',#2559,.T.);
#2762=FACE_BOUND('',#2560,.T.);
#2763=FACE_BOUND('',#2561,.T.);
#2764=FACE_BOUND('',#2562,.T.);
#2765=FACE_BOUND('',#2563,.T.);
#2766=FACE_BOUND('',#2564,.T.);
#2767=FACE_BOUND('',#2565,.T.);
#2768=FACE_BOUND('',#2566,.T.);
#2769=FACE_BOUND('',#2567,.T.);
#2770=FACE_BOUND('',#2568,.T.);
#2771=FACE_BOUND('',#2569,.T.);
#2772=FACE_BOUND('',#2570,.T.);
#2773=FACE_BOUND('',#2571,.T.);
#2774=FACE_BOUND('',#2572,.T.);
#2775=FACE_BOUND('',#2573,.T.);
#2776=FACE_BOUND('',#2574,.T.);
#2777=FACE_BOUND('',#2575,.T.);
#2778=FACE_BOUND('',#2576,.T.);
#2779=FACE_BOUND('',#2577,.T.);
#2780=FACE_BOUND('',#2578,.T.);
#2781=FACE_BOUND('',#2579,.T.);
#2782=FACE_BOUND('',#2580,.T.);
#2783=FACE_BOUND('',#2581,.T.);
#2784=FACE_BOUND('',#2582,.T.);
#2785=FACE_BOUND('',#2583,.T.);
#2786=FACE_BOUND('',#2584,.T.);
#2787=FACE_BOUND('',#2585,.T.);
#2788=FACE_BOUND('',#2586,.T.);
#2789=FACE_BOUND('',#2587,.T.);
#2790=FACE_BOUND('',#2588,.T.);
#2791=FACE_BOUND('',#2589,.T.);
#2792=FACE_BOUND('',#2590,.T.);
#2793=FACE_BOUND('',#2591,.T.);
#2794=FACE_BOUND('',#2592,.T.);
#2795=FACE_BOUND('',#2593,.T.);
#2796=FACE_BOUND('',#2594,.T.);
#2797=FACE_BOUND('',#2595,.T.);
#2798=FACE_BOUND('',#2596,.T.);
#2799=FACE_BOUND('',#2597,.T.);
#2800=FACE_BOUND('',#2598,.T.);
#2801=FACE_BOUND('',#2599,.T.);
#2802=FACE_BOUND('',#2600,.T.);
#2803=FACE_BOUND('',#2601,.T.);
#2804=FACE_BOUND('',#2602,.T.);
#2805=FACE_BOUND('',#2603,.T.);
#2806=FACE_BOUND('',#2604,.T.);
#2807=FACE_BOUND('',#2605,.T.);
#2808=FACE_BOUND('',#2606,.T.);
#2809=FACE_BOUND('',#2607,.T.);
#2810=FACE_BOUND('',#2608,.T.);
#2811=FACE_BOUND('',#2609,.T.);
#2812=FACE_BOUND('',#2610,.T.);
#2813=FACE_BOUND('',#2611,.T.);
#2814=FACE_BOUND('',#2612,.T.);
#2815=FACE_BOUND('',#2613,.T.);
#2816=FACE_BOUND('',#2614,.T.);
#2817=FACE_BOUND('',#2615,.T.);
#2818=FACE_BOUND('',#2616,.T.);
#2819=FACE_BOUND('',#2617,.T.);
#2820=FACE_BOUND('',#2618,.T.);
#2821=FACE_BOUND('',#2619,.T.);
#2822=PLANE('',#3129);
#2823=PLANE('',#3130);
#2824=PLANE('',#3131);
#2825=PLANE('',#3132);
#2826=PLANE('',#3144);
#2827=PLANE('',#3148);
#2828=PLANE('',#3155);
#2829=PLANE('',#3156);
#2830=PLANE('',#3160);
#2831=PLANE('',#3165);
#2832=PLANE('',#3172);
#2833=PLANE('',#3173);
#2834=PLANE('',#3174);
#2835=PLANE('',#3181);
#2836=PLANE('',#3186);
#2837=PLANE('',#3188);
#2838=PLANE('',#3192);
#2839=PLANE('',#3193);
#2840=PLANE('',#3196);
#2841=PLANE('',#3197);
#2842=PLANE('',#3198);
#2843=PLANE('',#3200);
#2844=PLANE('',#3204);
#2845=PLANE('',#3206);
#2846=PLANE('',#3207);
#2847=PLANE('',#3208);
#2848=PLANE('',#3209);
#2849=PLANE('',#3210);
#2850=PLANE('',#3211);
#2851=PLANE('',#3212);
#2852=PLANE('',#3213);
#2853=PLANE('',#3214);
#2854=PLANE('',#3215);
#2855=PLANE('',#3216);
#2856=PLANE('',#3217);
#2857=PLANE('',#3218);
#2858=PLANE('',#3219);
#2859=PLANE('',#3220);
#2860=PLANE('',#3221);
#2861=PLANE('',#3222);
#2862=PLANE('',#3223);
#2863=PLANE('',#3224);
#2864=PLANE('',#3226);
#2865=PLANE('',#3227);
#2866=PLANE('',#3231);
#2867=PLANE('',#3233);
#2868=PLANE('',#3234);
#2869=PLANE('',#3235);
#2870=PLANE('',#3236);
#2871=PLANE('',#3237);
#2872=PLANE('',#3238);
#2873=PLANE('',#3239);
#2874=PLANE('',#3240);
#2875=PLANE('',#3241);
#2876=PLANE('',#3242);
#2877=PLANE('',#3243);
#2878=PLANE('',#3244);
#2879=PLANE('',#3245);
#2880=PLANE('',#3246);
#2881=PLANE('',#3247);
#2882=PLANE('',#3248);
#2883=PLANE('',#3274);
#2884=PLANE('',#3277);
#2885=PLANE('',#3282);
#2886=PLANE('',#3283);
#2887=PLANE('',#3284);
#2888=PLANE('',#3285);
#2889=PLANE('',#3286);
#2890=PLANE('',#3287);
#2891=PLANE('',#3288);
#2892=PLANE('',#3289);
#2893=PLANE('',#3290);
#2894=PLANE('',#3293);
#2895=PLANE('',#3294);
#2896=PLANE('',#3295);
#2897=PLANE('',#3299);
#2898=PLANE('',#3300);
#2899=PLANE('',#3301);
#2900=PLANE('',#3302);
#2901=PLANE('',#3303);
#2902=PLANE('',#3304);
#2903=PLANE('',#3305);
#2904=PLANE('',#3306);
#2905=PLANE('',#3307);
#2906=PLANE('',#3310);
#2907=PLANE('',#3311);
#2908=PLANE('',#3312);
#2909=PLANE('',#3315);
#2910=PLANE('',#3316);
#2911=PLANE('',#3317);
#2912=PLANE('',#3318);
#2913=PLANE('',#3319);
#2914=PLANE('',#3320);
#2915=PLANE('',#3323);
#2916=PLANE('',#3324);
#2917=PLANE('',#3325);
#2918=PLANE('',#3326);
#2919=PLANE('',#3327);
#2920=PLANE('',#3329);
#2921=PLANE('',#3330);
#2922=PLANE('',#3331);
#2923=PLANE('',#3333);
#2924=PLANE('',#3335);
#2925=PLANE('',#3338);
#2926=PLANE('',#3339);
#2927=PLANE('',#3340);
#2928=PLANE('',#3341);
#2929=PLANE('',#3342);
#2930=PLANE('',#3343);
#2931=PLANE('',#3344);
#2932=PLANE('',#3347);
#2933=PLANE('',#3350);
#2934=PLANE('',#3351);
#2935=PLANE('',#3352);
#2936=PLANE('',#3355);
#2937=PLANE('',#3358);
#2938=PLANE('',#3361);
#2939=PLANE('',#3364);
#2940=PLANE('',#3365);
#2941=PLANE('',#3366);
#2942=PLANE('',#3367);
#2943=PLANE('',#3368);
#2944=PLANE('',#3369);
#2945=PLANE('',#3370);
#2946=PLANE('',#3371);
#2947=PLANE('',#3372);
#2948=PLANE('',#3373);
#2949=PLANE('',#3374);
#2950=ADVANCED_FACE('',(#2620),#2822,.F.);
#2951=ADVANCED_FACE('',(#2621),#2823,.F.);
#2952=ADVANCED_FACE('',(#2622),#2824,.T.);
#2953=ADVANCED_FACE('',(#2623,#2624,#2625,#2626),#2825,.T.);
#2954=ADVANCED_FACE('',(#2627),#2826,.F.);
#2955=ADVANCED_FACE('',(#2628,#2629),#34,.F.);
#2956=ADVANCED_FACE('',(#2630),#2827,.T.);
#2957=ADVANCED_FACE('',(#2631),#35,.F.);
#2958=ADVANCED_FACE('',(#2632),#2828,.T.);
#2959=ADVANCED_FACE('',(#2633,#2634),#2829,.T.);
#2960=ADVANCED_FACE('',(#2635,#2636),#2830,.T.);
#2961=ADVANCED_FACE('',(#2637,#2638),#2831,.T.);
#2962=ADVANCED_FACE('',(#2639),#36,.F.);
#2963=ADVANCED_FACE('',(#2640),#2832,.T.);
#2964=ADVANCED_FACE('',(#2641),#2833,.T.);
#2965=ADVANCED_FACE('',(#2642),#2834,.T.);
#2966=ADVANCED_FACE('',(#2643,#2644),#37,.F.);
#2967=ADVANCED_FACE('',(#2645,#2646,#2647,#2648),#2835,.T.);
#2968=ADVANCED_FACE('',(#2649),#2836,.T.);
#2969=ADVANCED_FACE('',(#2650,#2651),#2837,.T.);
#2970=ADVANCED_FACE('',(#2652),#2838,.F.);
#2971=ADVANCED_FACE('',(#2653),#2839,.T.);
#2972=ADVANCED_FACE('',(#2654),#2840,.T.);
#2973=ADVANCED_FACE('',(#2655),#2841,.F.);
#2974=ADVANCED_FACE('',(#2656),#2842,.F.);
#2975=ADVANCED_FACE('',(#2657),#12,.T.);
#2976=ADVANCED_FACE('',(#2658),#2843,.T.);
#2977=ADVANCED_FACE('',(#2659),#38,.F.);
#2978=ADVANCED_FACE('',(#2660),#2844,.F.);
#2979=ADVANCED_FACE('',(#2661),#13,.T.);
#2980=ADVANCED_FACE('',(#2662),#2845,.T.);
#2981=ADVANCED_FACE('',(#2663),#2846,.T.);
#2982=ADVANCED_FACE('',(#2664),#2847,.F.);
#2983=ADVANCED_FACE('',(#2665),#2848,.T.);
#2984=ADVANCED_FACE('',(#2666),#2849,.T.);
#2985=ADVANCED_FACE('',(#2667),#2850,.T.);
#2986=ADVANCED_FACE('',(#2668),#2851,.T.);
#2987=ADVANCED_FACE('',(#2669),#2852,.T.);
#2988=ADVANCED_FACE('',(#2670),#2853,.T.);
#2989=ADVANCED_FACE('',(#2671),#2854,.F.);
#2990=ADVANCED_FACE('',(#2672),#2855,.T.);
#2991=ADVANCED_FACE('',(#2673),#2856,.F.);
#2992=ADVANCED_FACE('',(#2674),#2857,.F.);
#2993=ADVANCED_FACE('',(#2675),#2858,.T.);
#2994=ADVANCED_FACE('',(#2676),#2859,.F.);
#2995=ADVANCED_FACE('',(#2677),#2860,.F.);
#2996=ADVANCED_FACE('',(#2678),#2861,.T.);
#2997=ADVANCED_FACE('',(#2679),#2862,.F.);
#2998=ADVANCED_FACE('',(#2680),#2863,.F.);
#2999=ADVANCED_FACE('',(#2681),#14,.T.);
#3000=ADVANCED_FACE('',(#2682),#2864,.T.);
#3001=ADVANCED_FACE('',(#2683),#2865,.T.);
#3002=ADVANCED_FACE('',(#2684),#39,.F.);
#3003=ADVANCED_FACE('',(#2685),#2866,.F.);
#3004=ADVANCED_FACE('',(#2686),#15,.T.);
#3005=ADVANCED_FACE('',(#2687),#2867,.T.);
#3006=ADVANCED_FACE('',(#2688),#2868,.T.);
#3007=ADVANCED_FACE('',(#2689),#2869,.F.);
#3008=ADVANCED_FACE('',(#2690),#2870,.T.);
#3009=ADVANCED_FACE('',(#2691),#2871,.T.);
#3010=ADVANCED_FACE('',(#2692),#2872,.T.);
#3011=ADVANCED_FACE('',(#2693),#2873,.F.);
#3012=ADVANCED_FACE('',(#2694),#2874,.T.);
#3013=ADVANCED_FACE('',(#2695),#2875,.F.);
#3014=ADVANCED_FACE('',(#2696),#2876,.F.);
#3015=ADVANCED_FACE('',(#2697),#2877,.F.);
#3016=ADVANCED_FACE('',(#2698),#2878,.F.);
#3017=ADVANCED_FACE('',(#2699),#2879,.F.);
#3018=ADVANCED_FACE('',(#2700),#2880,.F.);
#3019=ADVANCED_FACE('',(#2701),#2881,.T.);
#3020=ADVANCED_FACE('',(#2702),#2882,.F.);
#3021=ADVANCED_FACE('',(#2703,#2704),#40,.F.);
#3022=ADVANCED_FACE('',(#2705,#2706),#41,.F.);
#3023=ADVANCED_FACE('',(#2707,#2708),#42,.F.);
#3024=ADVANCED_FACE('',(#2709,#2710),#43,.F.);
#3025=ADVANCED_FACE('',(#2711,#2712),#44,.F.);
#3026=ADVANCED_FACE('',(#2713,#2714),#45,.F.);
#3027=ADVANCED_FACE('',(#2715,#2716),#46,.F.);
#3028=ADVANCED_FACE('',(#2717,#2718),#47,.F.);
#3029=ADVANCED_FACE('',(#2719,#2720),#48,.F.);
#3030=ADVANCED_FACE('',(#2721,#2722),#49,.F.);
#3031=ADVANCED_FACE('',(#2723,#2724),#50,.F.);
#3032=ADVANCED_FACE('',(#2725),#2883,.F.);
#3033=ADVANCED_FACE('',(#2726,#2727),#51,.F.);
#3034=ADVANCED_FACE('',(#2728,#2729,#2730,#2731,#2732),#2884,.F.);
#3035=ADVANCED_FACE('',(#2733),#2885,.T.);
#3036=ADVANCED_FACE('',(#2734),#2886,.T.);
#3037=ADVANCED_FACE('',(#2735),#2887,.F.);
#3038=ADVANCED_FACE('',(#2736),#2888,.F.);
#3039=ADVANCED_FACE('',(#2737),#2889,.F.);
#3040=ADVANCED_FACE('',(#2738),#2890,.F.);
#3041=ADVANCED_FACE('',(#2739),#2891,.T.);
#3042=ADVANCED_FACE('',(#2740),#2892,.T.);
#3043=ADVANCED_FACE('',(#2741),#2893,.F.);
#3044=ADVANCED_FACE('',(#2742),#52,.F.);
#3045=ADVANCED_FACE('',(#2743),#2894,.F.);
#3046=ADVANCED_FACE('',(#2744),#16,.F.);
#3047=ADVANCED_FACE('',(#2745),#2895,.T.);
#3048=ADVANCED_FACE('',(#2746),#2896,.T.);
#3049=ADVANCED_FACE('',(#2747),#2897,.T.);
#3050=ADVANCED_FACE('',(#2748),#2898,.T.);
#3051=ADVANCED_FACE('',(#2749),#2899,.F.);
#3052=ADVANCED_FACE('',(#2750),#2900,.T.);
#3053=ADVANCED_FACE('',(#2751),#2901,.F.);
#3054=ADVANCED_FACE('',(#2752),#2902,.T.);
#3055=ADVANCED_FACE('',(#2753),#2903,.T.);
#3056=ADVANCED_FACE('',(#2754),#2904,.T.);
#3057=ADVANCED_FACE('',(#2755),#17,.T.);
#3058=ADVANCED_FACE('',(#2756),#2905,.T.);
#3059=ADVANCED_FACE('',(#2757),#53,.F.);
#3060=ADVANCED_FACE('',(#2758),#2906,.T.);
#3061=ADVANCED_FACE('',(#2759),#2907,.T.);
#3062=ADVANCED_FACE('',(#2760),#2908,.F.);
#3063=ADVANCED_FACE('',(#2761),#54,.F.);
#3064=ADVANCED_FACE('',(#2762),#2909,.T.);
#3065=ADVANCED_FACE('',(#2763),#2910,.T.);
#3066=ADVANCED_FACE('',(#2764),#2911,.F.);
#3067=ADVANCED_FACE('',(#2765),#2912,.F.);
#3068=ADVANCED_FACE('',(#2766),#2913,.F.);
#3069=ADVANCED_FACE('',(#2767),#2914,.F.);
#3070=ADVANCED_FACE('',(#2768),#55,.F.);
#3071=ADVANCED_FACE('',(#2769),#2915,.T.);
#3072=ADVANCED_FACE('',(#2770),#2916,.F.);
#3073=ADVANCED_FACE('',(#2771),#2917,.T.);
#3074=ADVANCED_FACE('',(#2772),#2918,.T.);
#3075=ADVANCED_FACE('',(#2773),#2919,.F.);
#3076=ADVANCED_FACE('',(#2774),#56,.T.);
#3077=ADVANCED_FACE('',(#2775),#2920,.F.);
#3078=ADVANCED_FACE('',(#2776),#2921,.F.);
#3079=ADVANCED_FACE('',(#2777),#2922,.T.);
#3080=ADVANCED_FACE('',(#2778),#57,.T.);
#3081=ADVANCED_FACE('',(#2779),#2923,.T.);
#3082=ADVANCED_FACE('',(#2780),#58,.T.);
#3083=ADVANCED_FACE('',(#2781),#2924,.T.);
#3084=ADVANCED_FACE('',(#2782),#59,.T.);
#3085=ADVANCED_FACE('',(#2783),#2925,.F.);
#3086=ADVANCED_FACE('',(#2784),#2926,.T.);
#3087=ADVANCED_FACE('',(#2785),#2927,.T.);
#3088=ADVANCED_FACE('',(#2786),#2928,.F.);
#3089=ADVANCED_FACE('',(#2787),#2929,.T.);
#3090=ADVANCED_FACE('',(#2788),#2930,.T.);
#3091=ADVANCED_FACE('',(#2789),#2931,.F.);
#3092=ADVANCED_FACE('',(#2790),#60,.F.);
#3093=ADVANCED_FACE('',(#2791),#2932,.T.);
#3094=ADVANCED_FACE('',(#2792),#61,.F.);
#3095=ADVANCED_FACE('',(#2793),#2933,.T.);
#3096=ADVANCED_FACE('',(#2794),#2934,.T.);
#3097=ADVANCED_FACE('',(#2795),#2935,.T.);
#3098=ADVANCED_FACE('',(#2796,#2797),#62,.F.);
#3099=ADVANCED_FACE('',(#2798,#2799),#2936,.T.);
#3100=ADVANCED_FACE('',(#2800,#2801),#63,.F.);
#3101=ADVANCED_FACE('',(#2802,#2803),#2937,.T.);
#3102=ADVANCED_FACE('',(#2804,#2805),#64,.F.);
#3103=ADVANCED_FACE('',(#2806,#2807),#2938,.T.);
#3104=ADVANCED_FACE('',(#2808,#2809),#65,.F.);
#3105=ADVANCED_FACE('',(#2810,#2811),#2939,.T.);
#3106=ADVANCED_FACE('',(#2812),#2940,.T.);
#3107=ADVANCED_FACE('',(#2813),#2941,.T.);
#3108=ADVANCED_FACE('',(#2814),#2942,.T.);
#3109=ADVANCED_FACE('',(#2815),#2943,.T.);
#3110=ADVANCED_FACE('',(#2816),#2944,.T.);
#3111=ADVANCED_FACE('',(#2817),#2945,.T.);
#3112=ADVANCED_FACE('',(#2818),#2946,.T.);
#3113=ADVANCED_FACE('',(#2819),#2947,.T.);
#3114=ADVANCED_FACE('',(#2820),#2948,.T.);
#3115=ADVANCED_FACE('',(#2821),#2949,.T.);
#3116=CLOSED_SHELL('',(#2950,#2951,#2952,#2953,#2954,#2955,#2956,#2957,
#2958,#2959,#2960,#2961,#2962,#2963,#2964,#2965,#2966,#2967,#2968,#2969,
#2970,#2971,#2972,#2973,#2974,#2975,#2976,#2977,#2978,#2979,#2980,#2981,
#2982,#2983,#2984,#2985,#2986,#2987,#2988,#2989,#2990,#2991,#2992,#2993,
#2994,#2995,#2996,#2997,#2998,#2999,#3000,#3001,#3002,#3003,#3004,#3005,
#3006,#3007,#3008,#3009,#3010,#3011,#3012,#3013,#3014,#3015,#3016,#3017,
#3018,#3019,#3020,#3021,#3022,#3023,#3024,#3025,#3026,#3027,#3028,#3029,
#3030,#3031,#3032,#3033,#3034,#3035,#3036,#3037,#3038,#3039,#3040,#3041,
#3042,#3043,#3044,#3045,#3046,#3047,#3048,#3049,#3050,#3051,#3052,#3053,
#3054,#3055,#3056,#3057,#3058,#3059,#3060,#3061,#3062,#3063,#3064,#3065,
#3066,#3067,#3068,#3069,#3070,#3071,#3072,#3073,#3074,#3075,#3076,#3077,
#3078,#3079,#3080,#3081,#3082,#3083,#3084,#3085,#3086,#3087,#3088,#3089,
#3090,#3091,#3092,#3093,#3094,#3095,#3096,#3097,#3098,#3099,#3100,#3101,
#3102,#3103,#3104,#3105,#3106,#3107,#3108,#3109,#3110,#3111,#3112,#3113,
#3114,#3115));
#3117=STYLED_ITEM('',(#3118),#3125);
#3118=PRESENTATION_STYLE_ASSIGNMENT((#3119));
#3119=SURFACE_STYLE_USAGE(.BOTH.,#3120);
#3120=SURFACE_SIDE_STYLE('',(#3121));
#3121=SURFACE_STYLE_FILL_AREA(#3122);
#3122=FILL_AREA_STYLE('',(#3123));
#3123=FILL_AREA_STYLE_COLOUR('',#3124);
#3124=COLOUR_RGB('',0.615686274509804,0.811764705882353,0.929411764705882);
#3125=MANIFOLD_SOLID_BREP('Part 1',#3116);
#3126=SHAPE_DEFINITION_REPRESENTATION(#5219,#3127);
#3127=SHAPE_REPRESENTATION('Part 1',(#3128),#5214);
#3128=AXIS2_PLACEMENT_3D('',#4208,#3375,#3376);
#3129=AXIS2_PLACEMENT_3D('',#4209,#3377,#3378);
#3130=AXIS2_PLACEMENT_3D('',#4226,#3387,#3388);
#3131=AXIS2_PLACEMENT_3D('',#4234,#3393,#3394);
#3132=AXIS2_PLACEMENT_3D('',#4245,#3400,#3401);
#3133=AXIS2_PLACEMENT_3D('',#4246,#3402,#3403);
#3134=AXIS2_PLACEMENT_3D('',#4248,#3404,#3405);
#3135=AXIS2_PLACEMENT_3D('',#4250,#3406,#3407);
#3136=AXIS2_PLACEMENT_3D('',#4257,#3410,#3411);
#3137=AXIS2_PLACEMENT_3D('',#4261,#3413,#3414);
#3138=AXIS2_PLACEMENT_3D('',#4263,#3415,#3416);
#3139=AXIS2_PLACEMENT_3D('',#4272,#3421,#3422);
#3140=AXIS2_PLACEMENT_3D('',#4274,#3423,#3424);
#3141=AXIS2_PLACEMENT_3D('',#4280,#3427,#3428);
#3142=AXIS2_PLACEMENT_3D('',#4282,#3429,#3430);
#3143=AXIS2_PLACEMENT_3D('',#4286,#3432,#3433);
#3144=AXIS2_PLACEMENT_3D('',#4297,#3439,#3440);
#3145=AXIS2_PLACEMENT_3D('',#4303,#3444,#3445);
#3146=AXIS2_PLACEMENT_3D('',#4304,#3446,#3447);
#3147=AXIS2_PLACEMENT_3D('',#4306,#3448,#3449);
#3148=AXIS2_PLACEMENT_3D('',#4311,#3452,#3453);
#3149=AXIS2_PLACEMENT_3D('',#4317,#3456,#3457);
#3150=AXIS2_PLACEMENT_3D('',#4321,#3459,#3460);
#3151=AXIS2_PLACEMENT_3D('',#4327,#3463,#3464);
#3152=AXIS2_PLACEMENT_3D('',#4331,#3467,#3468);
#3153=AXIS2_PLACEMENT_3D('',#4334,#3470,#3471);
#3154=AXIS2_PLACEMENT_3D('',#4338,#3473,#3474);
#3155=AXIS2_PLACEMENT_3D('',#4341,#3476,#3477);
#3156=AXIS2_PLACEMENT_3D('',#4354,#3484,#3485);
#3157=AXIS2_PLACEMENT_3D('',#4358,#3487,#3488);
#3158=AXIS2_PLACEMENT_3D('',#4370,#3494,#3495);
#3159=AXIS2_PLACEMENT_3D('',#4373,#3497,#3498);
#3160=AXIS2_PLACEMENT_3D('',#4375,#3499,#3500);
#3161=AXIS2_PLACEMENT_3D('',#4376,#3501,#3502);
#3162=AXIS2_PLACEMENT_3D('',#4378,#3503,#3504);
#3163=AXIS2_PLACEMENT_3D('',#4385,#3507,#3508);
#3164=AXIS2_PLACEMENT_3D('',#4392,#3512,#3513);
#3165=AXIS2_PLACEMENT_3D('',#4395,#3515,#3516);
#3166=AXIS2_PLACEMENT_3D('',#4396,#3517,#3518);
#3167=AXIS2_PLACEMENT_3D('',#4411,#3525,#3526);
#3168=AXIS2_PLACEMENT_3D('',#4415,#3528,#3529);
#3169=AXIS2_PLACEMENT_3D('',#4416,#3530,#3531);
#3170=AXIS2_PLACEMENT_3D('',#4417,#3532,#3533);
#3171=AXIS2_PLACEMENT_3D('',#4423,#3536,#3537);
#3172=AXIS2_PLACEMENT_3D('',#4427,#3540,#3541);
#3173=AXIS2_PLACEMENT_3D('',#4431,#3544,#3545);
#3174=AXIS2_PLACEMENT_3D('',#4444,#3552,#3553);
#3175=AXIS2_PLACEMENT_3D('',#4455,#3560,#3561);
#3176=AXIS2_PLACEMENT_3D('',#4456,#3562,#3563);
#3177=AXIS2_PLACEMENT_3D('',#4458,#3564,#3565);
#3178=AXIS2_PLACEMENT_3D('',#4463,#3567,#3568);
#3179=AXIS2_PLACEMENT_3D('',#4467,#3570,#3571);
#3180=AXIS2_PLACEMENT_3D('',#4471,#3573,#3574);
#3181=AXIS2_PLACEMENT_3D('',#4474,#3576,#3577);
#3182=AXIS2_PLACEMENT_3D('',#4475,#3578,#3579);
#3183=AXIS2_PLACEMENT_3D('',#4477,#3580,#3581);
#3184=AXIS2_PLACEMENT_3D('',#4479,#3582,#3583);
#3185=AXIS2_PLACEMENT_3D('',#4497,#3584,#3585);
#3186=AXIS2_PLACEMENT_3D('',#4508,#3591,#3592);
#3187=AXIS2_PLACEMENT_3D('',#4509,#3593,#3594);
#3188=AXIS2_PLACEMENT_3D('',#4522,#3601,#3602);
#3189=AXIS2_PLACEMENT_3D('',#4526,#3604,#3605);
#3190=AXIS2_PLACEMENT_3D('',#4530,#3607,#3608);
#3191=AXIS2_PLACEMENT_3D('',#4538,#3613,#3614);
#3192=AXIS2_PLACEMENT_3D('',#4540,#3615,#3616);
#3193=AXIS2_PLACEMENT_3D('',#4550,#3622,#3623);
#3194=AXIS2_PLACEMENT_3D('',#4556,#3626,#3627);
#3195=AXIS2_PLACEMENT_3D('',#4560,#3629,#3630);
#3196=AXIS2_PLACEMENT_3D('',#4567,#3634,#3635);
#3197=AXIS2_PLACEMENT_3D('',#4577,#3641,#3642);
#3198=AXIS2_PLACEMENT_3D('',#4587,#3648,#3649);
#3199=AXIS2_PLACEMENT_3D('',#4609,#3655,#3656);
#3200=AXIS2_PLACEMENT_3D('',#4612,#3658,#3659);
#3201=AXIS2_PLACEMENT_3D('',#4614,#3661,#3662);
#3202=AXIS2_PLACEMENT_3D('',#4615,#3663,#3664);
#3203=AXIS2_PLACEMENT_3D('',#4619,#3666,#3667);
#3204=AXIS2_PLACEMENT_3D('',#4623,#3670,#3671);
#3205=AXIS2_PLACEMENT_3D('',#4642,#3675,#3676);
#3206=AXIS2_PLACEMENT_3D('',#4643,#3677,#3678);
#3207=AXIS2_PLACEMENT_3D('',#4649,#3682,#3683);
#3208=AXIS2_PLACEMENT_3D('',#4655,#3687,#3688);
#3209=AXIS2_PLACEMENT_3D('',#4661,#3692,#3693);
#3210=AXIS2_PLACEMENT_3D('',#4664,#3696,#3697);
#3211=AXIS2_PLACEMENT_3D('',#4673,#3703,#3704);
#3212=AXIS2_PLACEMENT_3D('',#4679,#3708,#3709);
#3213=AXIS2_PLACEMENT_3D('',#4685,#3713,#3714);
#3214=AXIS2_PLACEMENT_3D('',#4691,#3718,#3719);
#3215=AXIS2_PLACEMENT_3D('',#4698,#3724,#3725);
#3216=AXIS2_PLACEMENT_3D('',#4704,#3729,#3730);
#3217=AXIS2_PLACEMENT_3D('',#4710,#3734,#3735);
#3218=AXIS2_PLACEMENT_3D('',#4716,#3739,#3740);
#3219=AXIS2_PLACEMENT_3D('',#4722,#3745,#3746);
#3220=AXIS2_PLACEMENT_3D('',#4733,#3753,#3754);
#3221=AXIS2_PLACEMENT_3D('',#4737,#3757,#3758);
#3222=AXIS2_PLACEMENT_3D('',#4743,#3762,#3763);
#3223=AXIS2_PLACEMENT_3D('',#4749,#3767,#3768);
#3224=AXIS2_PLACEMENT_3D('',#4755,#3772,#3773);
#3225=AXIS2_PLACEMENT_3D('',#4773,#3777,#3778);
#3226=AXIS2_PLACEMENT_3D('',#4776,#3780,#3781);
#3227=AXIS2_PLACEMENT_3D('',#4779,#3784,#3785);
#3228=AXIS2_PLACEMENT_3D('',#4783,#3788,#3789);
#3229=AXIS2_PLACEMENT_3D('',#4784,#3790,#3791);
#3230=AXIS2_PLACEMENT_3D('',#4788,#3793,#3794);
#3231=AXIS2_PLACEMENT_3D('',#4791,#3796,#3797);
#3232=AXIS2_PLACEMENT_3D('',#4811,#3802,#3803);
#3233=AXIS2_PLACEMENT_3D('',#4812,#3804,#3805);
#3234=AXIS2_PLACEMENT_3D('',#4818,#3809,#3810);
#3235=AXIS2_PLACEMENT_3D('',#4824,#3814,#3815);
#3236=AXIS2_PLACEMENT_3D('',#4830,#3819,#3820);
#3237=AXIS2_PLACEMENT_3D('',#4833,#3823,#3824);
#3238=AXIS2_PLACEMENT_3D('',#4842,#3830,#3831);
#3239=AXIS2_PLACEMENT_3D('',#4848,#3835,#3836);
#3240=AXIS2_PLACEMENT_3D('',#4854,#3840,#3841);
#3241=AXIS2_PLACEMENT_3D('',#4857,#3844,#3845);
#3242=AXIS2_PLACEMENT_3D('',#4864,#3850,#3851);
#3243=AXIS2_PLACEMENT_3D('',#4870,#3855,#3856);
#3244=AXIS2_PLACEMENT_3D('',#4876,#3860,#3861);
#3245=AXIS2_PLACEMENT_3D('',#4882,#3865,#3866);
#3246=AXIS2_PLACEMENT_3D('',#4888,#3871,#3872);
#3247=AXIS2_PLACEMENT_3D('',#4894,#3876,#3877);
#3248=AXIS2_PLACEMENT_3D('',#4900,#3881,#3882);
#3249=AXIS2_PLACEMENT_3D('',#4906,#3886,#3887);
#3250=AXIS2_PLACEMENT_3D('',#4907,#3888,#3889);
#3251=AXIS2_PLACEMENT_3D('',#4909,#3890,#3891);
#3252=AXIS2_PLACEMENT_3D('',#4910,#3892,#3893);
#3253=AXIS2_PLACEMENT_3D('',#4912,#3894,#3895);
#3254=AXIS2_PLACEMENT_3D('',#4913,#3896,#3897);
#3255=AXIS2_PLACEMENT_3D('',#4915,#3898,#3899);
#3256=AXIS2_PLACEMENT_3D('',#4916,#3900,#3901);
#3257=AXIS2_PLACEMENT_3D('',#4918,#3902,#3903);
#3258=AXIS2_PLACEMENT_3D('',#4919,#3904,#3905);
#3259=AXIS2_PLACEMENT_3D('',#4921,#3906,#3907);
#3260=AXIS2_PLACEMENT_3D('',#4922,#3908,#3909);
#3261=AXIS2_PLACEMENT_3D('',#4924,#3910,#3911);
#3262=AXIS2_PLACEMENT_3D('',#4925,#3912,#3913);
#3263=AXIS2_PLACEMENT_3D('',#4927,#3914,#3915);
#3264=AXIS2_PLACEMENT_3D('',#4928,#3916,#3917);
#3265=AXIS2_PLACEMENT_3D('',#4930,#3918,#3919);
#3266=AXIS2_PLACEMENT_3D('',#4931,#3920,#3921);
#3267=AXIS2_PLACEMENT_3D('',#4933,#3922,#3923);
#3268=AXIS2_PLACEMENT_3D('',#4934,#3924,#3925);
#3269=AXIS2_PLACEMENT_3D('',#4936,#3926,#3927);
#3270=AXIS2_PLACEMENT_3D('',#4941,#3930,#3931);
#3271=AXIS2_PLACEMENT_3D('',#4942,#3932,#3933);
#3272=AXIS2_PLACEMENT_3D('',#4944,#3934,#3935);
#3273=AXIS2_PLACEMENT_3D('',#4950,#3938,#3939);
#3274=AXIS2_PLACEMENT_3D('',#4954,#3942,#3943);
#3275=AXIS2_PLACEMENT_3D('',#4957,#3946,#3947);
#3276=AXIS2_PLACEMENT_3D('',#4958,#3948,#3949);
#3277=AXIS2_PLACEMENT_3D('',#4960,#3950,#3951);
#3278=AXIS2_PLACEMENT_3D('',#4963,#3954,#3955);
#3279=AXIS2_PLACEMENT_3D('',#4965,#3956,#3957);
#3280=AXIS2_PLACEMENT_3D('',#4967,#3958,#3959);
#3281=AXIS2_PLACEMENT_3D('',#4969,#3960,#3961);
#3282=AXIS2_PLACEMENT_3D('',#4971,#3962,#3963);
#3283=AXIS2_PLACEMENT_3D('',#4972,#3964,#3965);
#3284=AXIS2_PLACEMENT_3D('',#4973,#3966,#3967);
#3285=AXIS2_PLACEMENT_3D('',#4974,#3968,#3969);
#3286=AXIS2_PLACEMENT_3D('',#4975,#3970,#3971);
#3287=AXIS2_PLACEMENT_3D('',#4976,#3972,#3973);
#3288=AXIS2_PLACEMENT_3D('',#4977,#3974,#3975);
#3289=AXIS2_PLACEMENT_3D('',#4978,#3976,#3977);
#3290=AXIS2_PLACEMENT_3D('',#4979,#3978,#3979);
#3291=AXIS2_PLACEMENT_3D('',#4983,#3982,#3983);
#3292=AXIS2_PLACEMENT_3D('',#4986,#3985,#3986);
#3293=AXIS2_PLACEMENT_3D('',#4987,#3987,#3988);
#3294=AXIS2_PLACEMENT_3D('',#5020,#3990,#3991);
#3295=AXIS2_PLACEMENT_3D('',#5024,#3994,#3995);
#3296=AXIS2_PLACEMENT_3D('',#5025,#3996,#3997);
#3297=AXIS2_PLACEMENT_3D('',#5032,#4001,#4002);
#3298=AXIS2_PLACEMENT_3D('',#5036,#4004,#4005);
#3299=AXIS2_PLACEMENT_3D('',#5039,#4007,#4008);
#3300=AXIS2_PLACEMENT_3D('',#5040,#4009,#4010);
#3301=AXIS2_PLACEMENT_3D('',#5042,#4012,#4013);
#3302=AXIS2_PLACEMENT_3D('',#5044,#4015,#4016);
#3303=AXIS2_PLACEMENT_3D('',#5045,#4017,#4018);
#3304=AXIS2_PLACEMENT_3D('',#5047,#4020,#4021);
#3305=AXIS2_PLACEMENT_3D('',#5049,#4023,#4024);
#3306=AXIS2_PLACEMENT_3D('',#5050,#4025,#4026);
#3307=AXIS2_PLACEMENT_3D('',#5082,#4029,#4030);
#3308=AXIS2_PLACEMENT_3D('',#5086,#4033,#4034);
#3309=AXIS2_PLACEMENT_3D('',#5089,#4036,#4037);
#3310=AXIS2_PLACEMENT_3D('',#5090,#4038,#4039);
#3311=AXIS2_PLACEMENT_3D('',#5092,#4041,#4042);
#3312=AXIS2_PLACEMENT_3D('',#5099,#4047,#4048);
#3313=AXIS2_PLACEMENT_3D('',#5105,#4052,#4053);
#3314=AXIS2_PLACEMENT_3D('',#5106,#4054,#4055);
#3315=AXIS2_PLACEMENT_3D('',#5107,#4056,#4057);
#3316=AXIS2_PLACEMENT_3D('',#5111,#4060,#4061);
#3317=AXIS2_PLACEMENT_3D('',#5113,#4063,#4064);
#3318=AXIS2_PLACEMENT_3D('',#5117,#4067,#4068);
#3319=AXIS2_PLACEMENT_3D('',#5121,#4071,#4072);
#3320=AXIS2_PLACEMENT_3D('',#5123,#4074,#4075);
#3321=AXIS2_PLACEMENT_3D('',#5127,#4078,#4079);
#3322=AXIS2_PLACEMENT_3D('',#5128,#4080,#4081);
#3323=AXIS2_PLACEMENT_3D('',#5129,#4082,#4083);
#3324=AXIS2_PLACEMENT_3D('',#5130,#4084,#4085);
#3325=AXIS2_PLACEMENT_3D('',#5132,#4087,#4088);
#3326=AXIS2_PLACEMENT_3D('',#5134,#4090,#4091);
#3327=AXIS2_PLACEMENT_3D('',#5135,#4092,#4093);
#3328=AXIS2_PLACEMENT_3D('',#5136,#4094,#4095);
#3329=AXIS2_PLACEMENT_3D('',#5138,#4097,#4098);
#3330=AXIS2_PLACEMENT_3D('',#5140,#4100,#4101);
#3331=AXIS2_PLACEMENT_3D('',#5141,#4102,#4103);
#3332=AXIS2_PLACEMENT_3D('',#5143,#4105,#4106);
#3333=AXIS2_PLACEMENT_3D('',#5145,#4108,#4109);
#3334=AXIS2_PLACEMENT_3D('',#5147,#4111,#4112);
#3335=AXIS2_PLACEMENT_3D('',#5149,#4114,#4115);
#3336=AXIS2_PLACEMENT_3D('',#5150,#4116,#4117);
#3337=AXIS2_PLACEMENT_3D('',#5153,#4119,#4120);
#3338=AXIS2_PLACEMENT_3D('',#5156,#4122,#4123);
#3339=AXIS2_PLACEMENT_3D('',#5158,#4125,#4126);
#3340=AXIS2_PLACEMENT_3D('',#5162,#4129,#4130);
#3341=AXIS2_PLACEMENT_3D('',#5164,#4132,#4133);
#3342=AXIS2_PLACEMENT_3D('',#5166,#4135,#4136);
#3343=AXIS2_PLACEMENT_3D('',#5167,#4137,#4138);
#3344=AXIS2_PLACEMENT_3D('',#5171,#4141,#4142);
#3345=AXIS2_PLACEMENT_3D('',#5173,#4144,#4145);
#3346=AXIS2_PLACEMENT_3D('',#5176,#4147,#4148);
#3347=AXIS2_PLACEMENT_3D('',#5177,#4149,#4150);
#3348=AXIS2_PLACEMENT_3D('',#5181,#4153,#4154);
#3349=AXIS2_PLACEMENT_3D('',#5182,#4155,#4156);
#3350=AXIS2_PLACEMENT_3D('',#5183,#4157,#4158);
#3351=AXIS2_PLACEMENT_3D('',#5184,#4159,#4160);
#3352=AXIS2_PLACEMENT_3D('',#5186,#4162,#4163);
#3353=AXIS2_PLACEMENT_3D('',#5187,#4164,#4165);
#3354=AXIS2_PLACEMENT_3D('',#5188,#4166,#4167);
#3355=AXIS2_PLACEMENT_3D('',#5190,#4168,#4169);
#3356=AXIS2_PLACEMENT_3D('',#5191,#4170,#4171);
#3357=AXIS2_PLACEMENT_3D('',#5192,#4172,#4173);
#3358=AXIS2_PLACEMENT_3D('',#5194,#4174,#4175);
#3359=AXIS2_PLACEMENT_3D('',#5195,#4176,#4177);
#3360=AXIS2_PLACEMENT_3D('',#5196,#4178,#4179);
#3361=AXIS2_PLACEMENT_3D('',#5198,#4180,#4181);
#3362=AXIS2_PLACEMENT_3D('',#5199,#4182,#4183);
#3363=AXIS2_PLACEMENT_3D('',#5200,#4184,#4185);
#3364=AXIS2_PLACEMENT_3D('',#5202,#4186,#4187);
#3365=AXIS2_PLACEMENT_3D('',#5203,#4188,#4189);
#3366=AXIS2_PLACEMENT_3D('',#5204,#4190,#4191);
#3367=AXIS2_PLACEMENT_3D('',#5205,#4192,#4193);
#3368=AXIS2_PLACEMENT_3D('',#5206,#4194,#4195);
#3369=AXIS2_PLACEMENT_3D('',#5207,#4196,#4197);
#3370=AXIS2_PLACEMENT_3D('',#5208,#4198,#4199);
#3371=AXIS2_PLACEMENT_3D('',#5209,#4200,#4201);
#3372=AXIS2_PLACEMENT_3D('',#5210,#4202,#4203);
#3373=AXIS2_PLACEMENT_3D('',#5211,#4204,#4205);
#3374=AXIS2_PLACEMENT_3D('',#5212,#4206,#4207);
#3375=DIRECTION('',(0.,0.,1.));
#3376=DIRECTION('',(1.,0.,0.));
#3377=DIRECTION('',(1.,0.,0.));
#3378=DIRECTION('',(0.,0.,-1.));
#3379=DIRECTION('',(0.,0.,-1.));
#3380=DIRECTION('',(0.,-1.,0.));
#3381=DIRECTION('',(0.,0.,-1.));
#3382=DIRECTION('',(0.,-1.,0.));
#3383=DIRECTION('',(0.,0.,1.));
#3384=DIRECTION('',(0.,-1.,0.));
#3385=DIRECTION('',(0.,0.,-1.));
#3386=DIRECTION('',(0.,-1.,0.));
#3387=DIRECTION('',(1.31606890961598E-16,-1.,0.));
#3388=DIRECTION('',(1.,1.31606890961598E-16,0.));
#3389=DIRECTION('',(1.,2.63213781923196E-16,0.));
#3390=DIRECTION('',(0.,0.,-1.));
#3391=DIRECTION('',(0.,0.,-1.));
#3392=DIRECTION('',(-1.,-1.31606890961598E-16,0.));
#3393=DIRECTION('',(2.04085114820801E-16,-1.,0.));
#3394=DIRECTION('',(1.,2.04085114820801E-16,0.));
#3395=DIRECTION('',(0.,0.,-1.));
#3396=DIRECTION('',(1.,0.,0.));
#3397=DIRECTION('',(0.,0.,-1.));
#3398=DIRECTION('',(-1.,-2.04085114820801E-16,0.));
#3399=DIRECTION('',(0.,0.,-1.));
#3400=DIRECTION('',(0.,0.,1.));
#3401=DIRECTION('',(1.,0.,0.));
#3402=DIRECTION('',(0.,0.,-1.));
#3403=DIRECTION('',(1.,0.,0.));
#3404=DIRECTION('',(0.,0.,-1.));
#3405=DIRECTION('',(1.,0.,0.));
#3406=DIRECTION('',(0.,0.,1.));
#3407=DIRECTION('',(1.,0.,0.));
#3408=DIRECTION('',(2.56764680458604E-15,-1.,0.));
#3409=DIRECTION('',(1.,0.,0.));
#3410=DIRECTION('',(0.,0.,1.));
#3411=DIRECTION('',(1.,0.,0.));
#3412=DIRECTION('',(0.,-1.,0.));
#3413=DIRECTION('',(0.,0.,1.));
#3414=DIRECTION('',(1.,0.,0.));
#3415=DIRECTION('',(0.,0.,1.));
#3416=DIRECTION('',(1.,0.,0.));
#3417=DIRECTION('',(1.,0.,0.));
#3418=DIRECTION('',(0.,-1.,0.));
#3419=DIRECTION('',(-1.,-8.16525068592048E-17,0.));
#3420=DIRECTION('',(-0.601006467114324,0.799244159494931,0.));
#3421=DIRECTION('',(0.,0.,1.));
#3422=DIRECTION('',(1.,0.,0.));
#3423=DIRECTION('',(0.,0.,-1.));
#3424=DIRECTION('',(1.,0.,0.));
#3425=DIRECTION('',(0.601006467114324,0.799244159494931,0.));
#3426=DIRECTION('',(1.,0.,0.));
#3427=DIRECTION('',(0.,0.,-1.));
#3428=DIRECTION('',(1.,0.,0.));
#3429=DIRECTION('',(0.,0.,1.));
#3430=DIRECTION('',(1.,0.,0.));
#3431=DIRECTION('',(6.54260316538503E-16,1.,0.));
#3432=DIRECTION('',(0.,0.,1.));
#3433=DIRECTION('',(1.,0.,0.));
#3434=DIRECTION('',(1.,0.,0.));
#3435=DIRECTION('',(0.,1.,0.));
#3436=DIRECTION('',(1.,0.,0.));
#3437=DIRECTION('',(0.,-1.,0.));
#3438=DIRECTION('',(-1.,0.,0.));
#3439=DIRECTION('',(0.,-1.,0.));
#3440=DIRECTION('',(0.,0.,-1.));
#3441=DIRECTION('',(-1.,0.,0.));
#3442=DIRECTION('',(0.,0.,-1.));
#3443=DIRECTION('',(-1.,0.,0.));
#3444=DIRECTION('',(0.,0.,-1.));
#3445=DIRECTION('',(-1.,0.,0.));
#3446=DIRECTION('',(0.,0.,1.));
#3447=DIRECTION('',(1.,0.,0.));
#3448=DIRECTION('',(0.,0.,1.));
#3449=DIRECTION('',(1.,0.,0.));
#3450=DIRECTION('',(0.,0.,1.));
#3451=DIRECTION('',(0.,0.,1.));
#3452=DIRECTION('',(0.,0.,1.));
#3453=DIRECTION('',(1.,0.,0.));
#3454=DIRECTION('',(-1.,-1.52886331835847E-16,0.));
#3455=DIRECTION('',(-0.655069882218294,0.755568295662616,0.));
#3456=DIRECTION('',(0.,0.,1.));
#3457=DIRECTION('',(1.,0.,0.));
#3458=DIRECTION('',(0.999999910798214,-0.000422378461646144,0.));
#3459=DIRECTION('',(0.,0.,-1.));
#3460=DIRECTION('',(1.,0.,0.));
#3461=DIRECTION('',(0.655069882218294,0.755568295662616,0.));
#3462=DIRECTION('',(1.,0.,0.));
#3463=DIRECTION('',(0.,0.,1.));
#3464=DIRECTION('',(1.,0.,0.));
#3465=DIRECTION('',(0.,-1.,0.));
#3466=DIRECTION('',(0.,-1.,0.));
#3467=DIRECTION('',(0.,0.,-1.));
#3468=DIRECTION('',(-1.,0.,0.));
#3469=DIRECTION('',(0.,0.,1.));
#3470=DIRECTION('',(0.,0.,1.));
#3471=DIRECTION('',(1.,0.,0.));
#3472=DIRECTION('',(0.,0.,-1.));
#3473=DIRECTION('',(0.,0.,1.));
#3474=DIRECTION('',(1.,0.,0.));
#3475=DIRECTION('',(0.,0.,-1.));
#3476=DIRECTION('',(0.,1.,0.));
#3477=DIRECTION('',(0.,0.,1.));
#3478=DIRECTION('',(1.,0.,0.));
#3479=DIRECTION('',(0.,0.,1.));
#3480=DIRECTION('',(1.,0.,0.));
#3481=DIRECTION('',(0.,0.,-1.));
#3482=DIRECTION('',(1.,0.,0.));
#3483=DIRECTION('',(0.,0.,-1.));
#3484=DIRECTION('',(0.,0.,1.));
#3485=DIRECTION('',(1.,0.,0.));
#3486=DIRECTION('',(-0.655069882218294,0.755568295662616,0.));
#3487=DIRECTION('',(0.,0.,-1.));
#3488=DIRECTION('',(1.,0.,0.));
#3489=DIRECTION('',(-1.,-1.79459698942789E-16,0.));
#3490=DIRECTION('',(0.,-1.,0.));
#3491=DIRECTION('',(-1.,0.,0.));
#3492=DIRECTION('',(0.,1.,0.));
#3493=DIRECTION('',(-1.,1.8157365780492E-14,0.));
#3494=DIRECTION('',(0.,0.,1.));
#3495=DIRECTION('',(-7.39856574694699E-16,-1.,0.));
#3496=DIRECTION('',(6.20862412061504E-16,1.,0.));
#3497=DIRECTION('',(0.,0.,-1.));
#3498=DIRECTION('',(1.,0.,0.));
#3499=DIRECTION('',(0.,0.,1.));
#3500=DIRECTION('',(1.,0.,0.));
#3501=DIRECTION('',(0.,0.,1.));
#3502=DIRECTION('',(1.,0.,0.));
#3503=DIRECTION('',(0.,0.,1.));
#3504=DIRECTION('',(1.,0.,0.));
#3505=DIRECTION('',(0.655069882218294,0.755568295662616,0.));
#3506=DIRECTION('',(6.20862412061504E-16,1.,0.));
#3507=DIRECTION('',(0.,0.,1.));
#3508=DIRECTION('',(-4.93525841105993E-16,-1.,0.));
#3509=DIRECTION('',(-1.,-1.8157365780492E-14,0.));
#3510=DIRECTION('',(0.,1.,0.));
#3511=DIRECTION('',(0.,-1.,0.));
#3512=DIRECTION('',(0.,0.,1.));
#3513=DIRECTION('',(1.,0.,0.));
#3514=DIRECTION('',(1.,0.,0.));
#3515=DIRECTION('',(0.,0.,1.));
#3516=DIRECTION('',(1.,0.,0.));
#3517=DIRECTION('',(0.,0.,-1.));
#3518=DIRECTION('',(1.,0.,0.));
#3519=DIRECTION('',(-0.601006467114324,0.799244159494931,0.));
#3520=DIRECTION('',(-1.,0.,0.));
#3521=DIRECTION('',(0.,-1.,0.));
#3522=DIRECTION('',(1.,0.,0.));
#3523=DIRECTION('',(0.,-1.,0.));
#3524=DIRECTION('',(1.,0.,0.));
#3525=DIRECTION('',(0.,0.,1.));
#3526=DIRECTION('',(0.,1.,0.));
#3527=DIRECTION('',(1.24172482412301E-16,-1.,0.));
#3528=DIRECTION('',(0.,0.,1.));
#3529=DIRECTION('',(1.,0.,0.));
#3530=DIRECTION('',(0.,0.,-1.));
#3531=DIRECTION('',(-1.,0.,0.));
#3532=DIRECTION('',(0.,0.,1.));
#3533=DIRECTION('',(1.,0.,0.));
#3534=DIRECTION('',(0.,0.,1.));
#3535=DIRECTION('',(0.,0.,-1.));
#3536=DIRECTION('',(0.,0.,1.));
#3537=DIRECTION('',(1.,0.,0.));
#3538=DIRECTION('',(0.,0.,-1.));
#3539=DIRECTION('',(0.,0.,1.));
#3540=DIRECTION('',(-1.,0.,0.));
#3541=DIRECTION('',(0.,0.,1.));
#3542=DIRECTION('',(0.,-1.,0.));
#3543=DIRECTION('',(0.,0.,1.));
#3544=DIRECTION('',(1.50681735155423E-16,-1.,0.));
#3545=DIRECTION('',(1.,1.50681735155423E-16,0.));
#3546=DIRECTION('',(-1.,-1.50681735155423E-16,0.));
#3547=DIRECTION('',(0.,0.,1.));
#3548=DIRECTION('',(-1.,-1.50681735155423E-16,0.));
#3549=DIRECTION('',(0.,0.,-1.));
#3550=DIRECTION('',(-1.,-1.50681735155423E-16,0.));
#3551=DIRECTION('',(0.,0.,-1.));
#3552=DIRECTION('',(1.,0.,0.));
#3553=DIRECTION('',(0.,0.,-1.));
#3554=DIRECTION('',(0.,-1.,0.));
#3555=DIRECTION('',(0.,-1.,0.));
#3556=DIRECTION('',(0.,0.,1.));
#3557=DIRECTION('',(0.,-1.,0.));
#3558=DIRECTION('',(0.,0.,1.));
#3559=DIRECTION('',(0.,-1.,0.));
#3560=DIRECTION('',(0.,0.,-1.));
#3561=DIRECTION('',(-1.,0.,0.));
#3562=DIRECTION('',(0.,0.,1.));
#3563=DIRECTION('',(1.,0.,0.));
#3564=DIRECTION('',(0.,0.,1.));
#3565=DIRECTION('',(1.,0.,0.));
#3566=DIRECTION('',(0.,0.,1.));
#3567=DIRECTION('',(0.,0.,1.));
#3568=DIRECTION('',(1.,0.,0.));
#3569=DIRECTION('',(0.,0.,1.));
#3570=DIRECTION('',(0.,0.,1.));
#3571=DIRECTION('',(1.,0.,0.));
#3572=DIRECTION('',(0.,0.,1.));
#3573=DIRECTION('',(0.,0.,1.));
#3574=DIRECTION('',(1.,0.,0.));
#3575=DIRECTION('',(0.,0.,1.));
#3576=DIRECTION('',(0.,0.,1.));
#3577=DIRECTION('',(1.,0.,0.));
#3578=DIRECTION('',(0.,0.,1.));
#3579=DIRECTION('',(1.,0.,0.));
#3580=DIRECTION('',(0.,0.,1.));
#3581=DIRECTION('',(1.,0.,0.));
#3582=DIRECTION('',(0.,0.,-1.));
#3583=DIRECTION('',(1.,0.,0.));
#3584=DIRECTION('',(0.,0.,-1.));
#3585=DIRECTION('',(1.,0.,0.));
#3586=DIRECTION('',(1.,0.,0.));
#3587=DIRECTION('',(-0.366498731822809,0.930418550745993,0.));
#3588=DIRECTION('',(0.,-1.,0.));
#3589=DIRECTION('',(-0.36649873182281,-0.930418550745992,0.));
#3590=DIRECTION('',(1.,0.,0.));
#3591=DIRECTION('',(0.,0.,1.));
#3592=DIRECTION('',(1.,0.,0.));
#3593=DIRECTION('',(0.,0.,1.));
#3594=DIRECTION('',(1.,0.,0.));
#3595=DIRECTION('',(-6.54260316538503E-16,1.,0.));
#3596=DIRECTION('',(1.,0.,0.));
#3597=DIRECTION('',(0.,-1.,0.));
#3598=DIRECTION('',(1.,0.,0.));
#3599=DIRECTION('',(0.,1.,0.));
#3600=DIRECTION('',(-1.,0.,0.));
#3601=DIRECTION('',(0.,0.,1.));
#3602=DIRECTION('',(1.,0.,0.));
#3603=DIRECTION('',(0.601006467114324,0.799244159494931,0.));
#3604=DIRECTION('',(0.,0.,-1.));
#3605=DIRECTION('',(1.,0.,0.));
#3606=DIRECTION('',(1.24172482412301E-16,-1.,0.));
#3607=DIRECTION('',(0.,0.,1.));
#3608=DIRECTION('',(-2.46330733588707E-16,1.,0.));
#3609=DIRECTION('',(1.,0.,0.));
#3610=DIRECTION('',(1.07933514927093E-13,-1.,0.));
#3611=DIRECTION('',(0.,-1.,0.));
#3612=DIRECTION('',(1.,0.,0.));
#3613=DIRECTION('',(0.,0.,1.));
#3614=DIRECTION('',(1.,0.,0.));
#3615=DIRECTION('',(0.,1.,0.));
#3616=DIRECTION('',(0.,0.,1.));
#3617=DIRECTION('',(0.,0.,1.));
#3618=DIRECTION('',(1.,0.,0.));
#3619=DIRECTION('',(0.,0.,-1.));
#3620=DIRECTION('',(1.,0.,0.));
#3621=DIRECTION('',(0.,0.,-1.));
#3622=DIRECTION('',(0.,0.,1.));
#3623=DIRECTION('',(1.,0.,0.));
#3624=DIRECTION('',(0.,-1.,0.));
#3625=DIRECTION('',(1.,0.,0.));
#3626=DIRECTION('',(0.,0.,-1.));
#3627=DIRECTION('',(1.,0.,0.));
#3628=DIRECTION('',(0.,-1.,0.));
#3629=DIRECTION('',(0.,0.,1.));
#3630=DIRECTION('',(1.,0.,0.));
#3631=DIRECTION('',(-1.,0.,0.));
#3632=DIRECTION('',(0.,-1.,0.));
#3633=DIRECTION('',(-1.,0.,0.));
#3634=DIRECTION('',(-0.930418550745992,0.36649873182281,0.));
#3635=DIRECTION('',(-0.36649873182281,-0.930418550745992,0.));
#3636=DIRECTION('',(0.36649873182281,0.930418550745992,0.));
#3637=DIRECTION('',(0.,0.,1.));
#3638=DIRECTION('',(0.,0.,-1.));
#3639=DIRECTION('',(0.36649873182281,0.930418550745992,0.));
#3640=DIRECTION('',(0.,0.,-1.));
#3641=DIRECTION('',(0.930418550745993,0.366498731822809,0.));
#3642=DIRECTION('',(-0.366498731822809,0.930418550745993,0.));
#3643=DIRECTION('',(0.36649873182281,-0.930418550745992,0.));
#3644=DIRECTION('',(0.,0.,-1.));
#3645=DIRECTION('',(0.366498731822809,-0.930418550745992,0.));
#3646=DIRECTION('',(0.,0.,-1.));
#3647=DIRECTION('',(0.,0.,1.));
#3648=DIRECTION('',(1.,0.,0.));
#3649=DIRECTION('',(0.,0.,-1.));
#3650=DIRECTION('',(0.,0.,-1.));
#3651=DIRECTION('',(0.,0.707106781186548,-0.707106781186548));
#3652=DIRECTION('',(0.,0.,-1.));
#3653=DIRECTION('',(0.,-1.,0.));
#3654=DIRECTION('',(0.,0.,-1.));
#3655=DIRECTION('',(0.,0.,1.));
#3656=DIRECTION('',(0.,1.,0.));
#3657=DIRECTION('',(0.,0.,-1.));
#3658=DIRECTION('',(1.,1.24172482412301E-16,0.));
#3659=DIRECTION('',(-1.24172482412301E-16,1.,0.));
#3660=DIRECTION('',(1.24172482412301E-16,-1.,0.));
#3661=DIRECTION('',(0.,0.,-1.));
#3662=DIRECTION('',(-1.,0.,0.));
#3663=DIRECTION('',(0.,0.,-1.));
#3664=DIRECTION('',(1.,0.,0.));
#3665=DIRECTION('',(0.,0.,1.));
#3666=DIRECTION('',(0.,0.,-1.));
#3667=DIRECTION('',(1.,0.,0.));
#3668=DIRECTION('',(0.,0.,-1.));
#3669=DIRECTION('',(0.,0.,1.));
#3670=DIRECTION('',(1.,1.24172482412301E-16,0.));
#3671=DIRECTION('',(-1.24172482412301E-16,1.,0.));
#3672=DIRECTION('',(1.24172482412301E-16,-1.,0.));
#3673=DIRECTION('',(0.,0.,-1.));
#3674=DIRECTION('',(0.,0.,-1.));
#3675=DIRECTION('',(0.,0.,1.));
#3676=DIRECTION('',(-2.46330733588707E-16,1.,0.));
#3677=DIRECTION('',(-1.,0.,0.));
#3678=DIRECTION('',(0.,0.,1.));
#3679=DIRECTION('',(0.,0.,-1.));
#3680=DIRECTION('',(0.,-0.707106781186547,-0.707106781186548));
#3681=DIRECTION('',(0.,1.,0.));
#3682=DIRECTION('',(0.,-1.,0.));
#3683=DIRECTION('',(0.,0.,-1.));
#3684=DIRECTION('',(0.,0.,-1.));
#3685=DIRECTION('',(-1.,0.,0.));
#3686=DIRECTION('',(-1.,0.,0.));
#3687=DIRECTION('',(-0.707106781186542,0.707106781186553,0.));
#3688=DIRECTION('',(-0.707106781186553,-0.707106781186542,0.));
#3689=DIRECTION('',(0.,0.,-1.));
#3690=DIRECTION('',(0.577350269189632,0.577350269189623,0.577350269189623));
#3691=DIRECTION('',(0.707106781186553,0.707106781186542,0.));
#3692=DIRECTION('',(1.,1.07933514927093E-13,0.));
#3693=DIRECTION('',(-1.07933514927093E-13,1.,0.));
#3694=DIRECTION('',(-7.6320520322247E-14,0.707106781186547,0.707106781186548));
#3695=DIRECTION('',(1.07933514927093E-13,-1.,0.));
#3696=DIRECTION('',(-1.,0.,0.));
#3697=DIRECTION('',(0.,0.,1.));
#3698=DIRECTION('',(0.,0.,1.));
#3699=DIRECTION('',(0.,1.,0.));
#3700=DIRECTION('',(0.,1.,0.));
#3701=DIRECTION('',(0.,0.,-1.));
#3702=DIRECTION('',(0.,-0.707106781186547,-0.707106781186548));
#3703=DIRECTION('',(-0.866607990837382,-0.498989569246489,0.));
#3704=DIRECTION('',(0.498989569246489,-0.866607990837382,0.));
#3705=DIRECTION('',(0.,0.,-1.));
#3706=DIRECTION('',(0.3770919204688,-0.654905215858429,-0.65490521585843));
#3707=DIRECTION('',(-0.498989569246489,0.866607990837382,0.));
#3708=DIRECTION('',(0.,-1.,0.));
#3709=DIRECTION('',(0.,0.,-1.));
#3710=DIRECTION('',(0.,0.,-1.));
#3711=DIRECTION('',(-1.,0.,0.));
#3712=DIRECTION('',(-1.,0.,0.));
#3713=DIRECTION('',(0.866607990837385,-0.498989569246484,0.));
#3714=DIRECTION('',(0.498989569246484,0.866607990837385,0.));
#3715=DIRECTION('',(0.,0.,-1.));
#3716=DIRECTION('',(0.377091920468796,0.65490521585843,0.654905215858431));
#3717=DIRECTION('',(-0.498989569246484,-0.866607990837385,0.));
#3718=DIRECTION('',(1.,0.,0.));
#3719=DIRECTION('',(0.,0.,-1.));
#3720=DIRECTION('',(0.,0.,-1.));
#3721=DIRECTION('',(0.,0.707106781186548,-0.707106781186548));
#3722=DIRECTION('',(0.,0.707106781186547,0.707106781186548));
#3723=DIRECTION('',(0.,-1.,0.));
#3724=DIRECTION('',(-0.866607990837383,-0.498989569246487,0.));
#3725=DIRECTION('',(0.498989569246487,-0.866607990837383,0.));
#3726=DIRECTION('',(0.,0.,-1.));
#3727=DIRECTION('',(-0.377091920468799,0.65490521585843,-0.65490521585843));
#3728=DIRECTION('',(-0.498989569246488,0.866607990837383,0.));
#3729=DIRECTION('',(0.,1.,0.));
#3730=DIRECTION('',(0.,0.,1.));
#3731=DIRECTION('',(0.,0.,-1.));
#3732=DIRECTION('',(1.,0.,0.));
#3733=DIRECTION('',(1.,0.,0.));
#3734=DIRECTION('',(0.866607990837384,-0.498989569246485,0.));
#3735=DIRECTION('',(0.498989569246485,0.866607990837384,0.));
#3736=DIRECTION('',(0.,0.,-1.));
#3737=DIRECTION('',(-0.377091920468797,-0.65490521585843,0.65490521585843));
#3738=DIRECTION('',(-0.498989569246486,-0.866607990837384,0.));
#3739=DIRECTION('',(1.,2.56764680458604E-15,0.));
#3740=DIRECTION('',(-2.56764680458604E-15,1.,0.));
#3741=DIRECTION('',(2.56764680458604E-15,-1.,0.));
#3742=DIRECTION('',(0.,0.,1.));
#3743=DIRECTION('',(1.81560046721476E-15,-0.707106781186548,0.707106781186548));
#3744=DIRECTION('',(2.56764680458604E-15,-1.,0.));
#3745=DIRECTION('',(1.,0.,0.));
#3746=DIRECTION('',(0.,0.,-1.));
#3747=DIRECTION('',(0.,0.,1.));
#3748=DIRECTION('',(0.,0.,-1.));
#3749=DIRECTION('',(0.,-1.,0.));
#3750=DIRECTION('',(0.,0.,-1.));
#3751=DIRECTION('',(0.,0.,1.));
#3752=DIRECTION('',(0.,-1.,0.));
#3753=DIRECTION('',(0.,-1.,0.));
#3754=DIRECTION('',(0.,0.,-1.));
#3755=DIRECTION('',(-1.,0.,0.));
#3756=DIRECTION('',(0.,0.,-1.));
#3757=DIRECTION('',(-1.,0.,0.));
#3758=DIRECTION('',(0.,0.,1.));
#3759=DIRECTION('',(0.,0.,-1.));
#3760=DIRECTION('',(0.,-0.707106781186548,0.707106781186548));
#3761=DIRECTION('',(0.,1.,0.));
#3762=DIRECTION('',(0.707106781186541,0.707106781186554,0.));
#3763=DIRECTION('',(-0.707106781186554,0.707106781186542,0.));
#3764=DIRECTION('',(0.,0.,-1.));
#3765=DIRECTION('',(0.577350269189636,-0.577350269189626,0.577350269189615));
#3766=DIRECTION('',(0.707106781186554,-0.707106781186541,0.));
#3767=DIRECTION('',(-1.8157365780492E-14,-1.,0.));
#3768=DIRECTION('',(1.,-1.8157365780492E-14,0.));
#3769=DIRECTION('',(0.,0.,-1.));
#3770=DIRECTION('',(1.,-1.8157365780492E-14,0.));
#3771=DIRECTION('',(-1.,1.8157365780492E-14,0.));
#3772=DIRECTION('',(1.,0.,0.));
#3773=DIRECTION('',(0.,0.,-1.));
#3774=DIRECTION('',(0.,0.,-1.));
#3775=DIRECTION('',(0.,0.707106781186548,-0.707106781186548));
#3776=DIRECTION('',(0.,-1.,0.));
#3777=DIRECTION('',(0.,0.,1.));
#3778=DIRECTION('',(-7.39856574694699E-16,-1.,0.));
#3779=DIRECTION('',(0.,0.,-1.));
#3780=DIRECTION('',(-1.,6.20862412061504E-16,0.));
#3781=DIRECTION('',(-6.20862412061504E-16,-1.,0.));
#3782=DIRECTION('',(6.20862412061504E-16,1.,0.));
#3783=DIRECTION('',(0.,0.,-1.));
#3784=DIRECTION('',(0.000422378461646144,0.999999910798213,0.));
#3785=DIRECTION('',(-0.999999910798214,0.000422378461646144,0.));
#3786=DIRECTION('',(0.999999910798214,-0.000422378461646144,0.));
#3787=DIRECTION('',(0.,0.,-1.));
#3788=DIRECTION('',(0.,0.,-1.));
#3789=DIRECTION('',(-1.,0.,0.));
#3790=DIRECTION('',(0.,0.,-1.));
#3791=DIRECTION('',(1.,0.,0.));
#3792=DIRECTION('',(0.,0.,1.));
#3793=DIRECTION('',(0.,0.,-1.));
#3794=DIRECTION('',(1.,0.,0.));
#3795=DIRECTION('',(0.,0.,-1.));
#3796=DIRECTION('',(-1.,6.20862412061504E-16,0.));
#3797=DIRECTION('',(-6.20862412061504E-16,-1.,0.));
#3798=DIRECTION('',(6.20862412061504E-16,1.,0.));
#3799=DIRECTION('',(0.,0.,-1.));
#3800=DIRECTION('',(0.,0.,-1.));
#3801=DIRECTION('',(0.,0.,-1.));
#3802=DIRECTION('',(0.,0.,1.));
#3803=DIRECTION('',(-4.93525841105993E-16,-1.,0.));
#3804=DIRECTION('',(1.,0.,0.));
#3805=DIRECTION('',(0.,0.,-1.));
#3806=DIRECTION('',(0.,0.,-1.));
#3807=DIRECTION('',(0.,0.707106781186548,-0.707106781186548));
#3808=DIRECTION('',(0.,-1.,0.));
#3809=DIRECTION('',(-1.8157365780492E-14,1.,0.));
#3810=DIRECTION('',(-1.,-1.8157365780492E-14,0.));
#3811=DIRECTION('',(0.,0.,-1.));
#3812=DIRECTION('',(1.,1.8157365780492E-14,0.));
#3813=DIRECTION('',(1.,1.8157365780492E-14,0.));
#3814=DIRECTION('',(0.707106781186541,-0.707106781186554,0.));
#3815=DIRECTION('',(0.707106781186554,0.707106781186542,0.));
#3816=DIRECTION('',(0.,0.,-1.));
#3817=DIRECTION('',(-0.577350269189636,-0.577350269189626,0.577350269189615));
#3818=DIRECTION('',(-0.707106781186554,-0.707106781186541,0.));
#3819=DIRECTION('',(-1.,0.,0.));
#3820=DIRECTION('',(0.,0.,1.));
#3821=DIRECTION('',(0.,-0.707106781186548,0.707106781186548));
#3822=DIRECTION('',(0.,1.,0.));
#3823=DIRECTION('',(1.,0.,0.));
#3824=DIRECTION('',(0.,0.,-1.));
#3825=DIRECTION('',(0.,0.,1.));
#3826=DIRECTION('',(0.,-1.,0.));
#3827=DIRECTION('',(0.,-1.,0.));
#3828=DIRECTION('',(0.,0.,-1.));
#3829=DIRECTION('',(0.,-0.707106781186548,0.707106781186548));
#3830=DIRECTION('',(0.866607990837384,0.498989569246485,0.));
#3831=DIRECTION('',(-0.498989569246485,0.866607990837384,0.));
#3832=DIRECTION('',(0.,0.,-1.));
#3833=DIRECTION('',(0.377091920468797,-0.65490521585843,0.65490521585843));
#3834=DIRECTION('',(0.498989569246485,-0.866607990837384,0.));
#3835=DIRECTION('',(0.,-1.,0.));
#3836=DIRECTION('',(0.,0.,-1.));
#3837=DIRECTION('',(0.,0.,-1.));
#3838=DIRECTION('',(1.,0.,0.));
#3839=DIRECTION('',(-1.,0.,0.));
#3840=DIRECTION('',(-0.866607990837383,0.498989569246487,0.));
#3841=DIRECTION('',(-0.498989569246487,-0.866607990837383,0.));
#3842=DIRECTION('',(0.377091920468799,0.65490521585843,-0.65490521585843));
#3843=DIRECTION('',(0.498989569246488,0.866607990837383,0.));
#3844=DIRECTION('',(1.,0.,0.));
#3845=DIRECTION('',(0.,0.,-1.));
#3846=DIRECTION('',(0.,0.,-1.));
#3847=DIRECTION('',(0.,-1.,0.));
#3848=DIRECTION('',(0.,0.,-1.));
#3849=DIRECTION('',(0.,0.707106781186547,0.707106781186548));
#3850=DIRECTION('',(0.866607990837385,0.498989569246484,0.));
#3851=DIRECTION('',(-0.498989569246484,0.866607990837385,0.));
#3852=DIRECTION('',(0.,0.,-1.));
#3853=DIRECTION('',(-0.377091920468796,0.65490521585843,0.654905215858431));
#3854=DIRECTION('',(0.498989569246484,-0.866607990837385,0.));
#3855=DIRECTION('',(0.,1.,0.));
#3856=DIRECTION('',(0.,0.,1.));
#3857=DIRECTION('',(0.,0.,-1.));
#3858=DIRECTION('',(-1.,0.,0.));
#3859=DIRECTION('',(1.,0.,0.));
#3860=DIRECTION('',(-0.866607990837382,0.498989569246488,0.));
#3861=DIRECTION('',(-0.498989569246488,-0.866607990837382,0.));
#3862=DIRECTION('',(0.,0.,-1.));
#3863=DIRECTION('',(-0.3770919204688,-0.654905215858429,-0.65490521585843));
#3864=DIRECTION('',(0.498989569246488,0.866607990837382,0.));
#3865=DIRECTION('',(-1.,0.,0.));
#3866=DIRECTION('',(0.,0.,1.));
#3867=DIRECTION('',(0.,1.,0.));
#3868=DIRECTION('',(0.,0.,1.));
#3869=DIRECTION('',(0.,-0.707106781186547,-0.707106781186548));
#3870=DIRECTION('',(0.,1.,0.));
#3871=DIRECTION('',(1.,0.,0.));
#3872=DIRECTION('',(0.,0.,-1.));
#3873=DIRECTION('',(0.,0.,-1.));
#3874=DIRECTION('',(0.,0.707106781186547,0.707106781186548));
#3875=DIRECTION('',(0.,-1.,0.));
#3876=DIRECTION('',(-0.707106781186541,-0.707106781186554,0.));
#3877=DIRECTION('',(0.707106781186554,-0.707106781186541,0.));
#3878=DIRECTION('',(0.,0.,-1.));
#3879=DIRECTION('',(-0.577350269189633,0.577350269189622,0.577350269189622));
#3880=DIRECTION('',(-0.707106781186554,0.707106781186541,0.));
#3881=DIRECTION('',(0.,1.,0.));
#3882=DIRECTION('',(0.,0.,1.));
#3883=DIRECTION('',(0.,0.,-1.));
#3884=DIRECTION('',(-1.,0.,0.));
#3885=DIRECTION('',(1.,0.,0.));
#3886=DIRECTION('',(0.,0.,-1.));
#3887=DIRECTION('',(-1.,0.,0.));
#3888=DIRECTION('',(0.,0.,-1.));
#3889=DIRECTION('',(1.,0.,0.));
#3890=DIRECTION('',(0.,0.,-1.));
#3891=DIRECTION('',(-1.,0.,0.));
#3892=DIRECTION('',(0.,0.,1.));
#3893=DIRECTION('',(1.,0.,0.));
#3894=DIRECTION('',(0.,0.,-1.));
#3895=DIRECTION('',(-1.,0.,0.));
#3896=DIRECTION('',(0.,0.,1.));
#3897=DIRECTION('',(1.,0.,0.));
#3898=DIRECTION('',(0.,0.,-1.));
#3899=DIRECTION('',(-1.,0.,0.));
#3900=DIRECTION('',(0.,0.,1.));
#3901=DIRECTION('',(1.,0.,0.));
#3902=DIRECTION('',(0.,0.,-1.));
#3903=DIRECTION('',(-1.,0.,0.));
#3904=DIRECTION('',(0.,0.,-1.));
#3905=DIRECTION('',(1.,0.,0.));
#3906=DIRECTION('',(0.,0.,-1.));
#3907=DIRECTION('',(-1.,0.,0.));
#3908=DIRECTION('',(0.,0.,1.));
#3909=DIRECTION('',(1.,0.,0.));
#3910=DIRECTION('',(0.,0.,-1.));
#3911=DIRECTION('',(-1.,0.,0.));
#3912=DIRECTION('',(0.,0.,1.));
#3913=DIRECTION('',(1.,0.,0.));
#3914=DIRECTION('',(0.,0.,-1.));
#3915=DIRECTION('',(-1.,0.,0.));
#3916=DIRECTION('',(0.,0.,-1.));
#3917=DIRECTION('',(1.,0.,0.));
#3918=DIRECTION('',(0.,0.,-1.));
#3919=DIRECTION('',(-1.,0.,0.));
#3920=DIRECTION('',(0.,0.,-1.));
#3921=DIRECTION('',(1.,0.,0.));
#3922=DIRECTION('',(0.,0.,-1.));
#3923=DIRECTION('',(-1.,0.,0.));
#3924=DIRECTION('',(0.,0.,-1.));
#3925=DIRECTION('',(1.,0.,0.));
#3926=DIRECTION('',(0.,0.,-1.));
#3927=DIRECTION('',(1.,0.,0.));
#3928=DIRECTION('',(0.,0.,1.));
#3929=DIRECTION('',(0.,0.,1.));
#3930=DIRECTION('',(0.,0.,-1.));
#3931=DIRECTION('',(-1.,0.,0.));
#3932=DIRECTION('',(0.,0.,-1.));
#3933=DIRECTION('',(1.,0.,0.));
#3934=DIRECTION('',(0.,0.,-1.));
#3935=DIRECTION('',(1.,0.,0.));
#3936=DIRECTION('',(0.,0.,1.));
#3937=DIRECTION('',(0.,0.,1.));
#3938=DIRECTION('',(0.,0.,-1.));
#3939=DIRECTION('',(1.,0.,0.));
#3940=DIRECTION('',(0.,0.,1.));
#3941=DIRECTION('',(0.,0.,1.));
#3942=DIRECTION('',(-1.,0.,0.));
#3943=DIRECTION('',(0.,0.,1.));
#3944=DIRECTION('',(0.,-0.707106781186547,-0.707106781186548));
#3945=DIRECTION('',(0.,1.,0.));
#3946=DIRECTION('',(0.,0.,-1.));
#3947=DIRECTION('',(-1.,0.,0.));
#3948=DIRECTION('',(0.,0.,-1.));
#3949=DIRECTION('',(1.,0.,0.));
#3950=DIRECTION('',(0.,0.,1.));
#3951=DIRECTION('',(1.,0.,0.));
#3952=DIRECTION('',(0.,1.,0.));
#3953=DIRECTION('',(1.,0.,0.));
#3954=DIRECTION('',(0.,0.,-1.));
#3955=DIRECTION('',(1.,0.,0.));
#3956=DIRECTION('',(0.,0.,-1.));
#3957=DIRECTION('',(1.,0.,0.));
#3958=DIRECTION('',(0.,0.,1.));
#3959=DIRECTION('',(1.,0.,0.));
#3960=DIRECTION('',(0.,0.,1.));
#3961=DIRECTION('',(1.,0.,0.));
#3962=DIRECTION('',(0.,0.707106781186548,0.707106781186548));
#3963=DIRECTION('',(1.,0.,0.));
#3964=DIRECTION('',(1.28391964718705E-14,0.707106781186547,0.707106781186548));
#3965=DIRECTION('',(1.,-1.8157365780492E-14,0.));
#3966=DIRECTION('',(1.28391964718705E-14,-0.707106781186547,-0.707106781186548));
#3967=DIRECTION('',(1.,1.8157365780492E-14,0.));
#3968=DIRECTION('',(0.,-0.707106781186548,-0.707106781186548));
#3969=DIRECTION('',(1.,0.,0.));
#3970=DIRECTION('',(0.,0.707106781186548,-0.707106781186547));
#3971=DIRECTION('',(-1.,0.,0.));
#3972=DIRECTION('',(0.,0.707106781186548,-0.707106781186547));
#3973=DIRECTION('',(-1.,0.,0.));
#3974=DIRECTION('',(0.,-0.707106781186548,0.707106781186547));
#3975=DIRECTION('',(-1.,0.,0.));
#3976=DIRECTION('',(0.,-0.707106781186548,0.707106781186547));
#3977=DIRECTION('',(-1.,0.,0.));
#3978=DIRECTION('',(0.,1.,0.));
#3979=DIRECTION('',(0.,0.,1.));
#3980=DIRECTION('',(0.,0.,1.));
#3981=DIRECTION('',(-1.,0.,0.));
#3982=DIRECTION('',(0.,0.,1.));
#3983=DIRECTION('',(1.,0.,0.));
#3984=DIRECTION('',(0.,0.,1.));
#3985=DIRECTION('',(0.,0.,1.));
#3986=DIRECTION('',(1.,0.,0.));
#3987=DIRECTION('',(-1.,0.,0.));
#3988=DIRECTION('',(0.,0.,1.));
#3989=DIRECTION('',(0.,-1.,0.));
#3990=DIRECTION('',(-1.,0.,0.));
#3991=DIRECTION('',(0.,0.,1.));
#3992=DIRECTION('',(0.,0.,1.));
#3993=DIRECTION('',(0.,-1.,0.));
#3994=DIRECTION('',(0.,0.,1.));
#3995=DIRECTION('',(1.,0.,0.));
#3996=DIRECTION('',(0.,0.,1.));
#3997=DIRECTION('',(1.,0.,0.));
#3998=DIRECTION('',(1.,0.,0.));
#3999=DIRECTION('',(0.655069882218294,0.755568295662616,0.));
#4000=DIRECTION('',(0.655069882218294,0.755568295662616,0.));
#4001=DIRECTION('',(0.,0.,1.));
#4002=DIRECTION('',(1.,0.,0.));
#4003=DIRECTION('',(1.,0.,0.));
#4004=DIRECTION('',(0.,0.,1.));
#4005=DIRECTION('',(1.,0.,0.));
#4006=DIRECTION('',(0.,-1.,0.));
#4007=DIRECTION('',(-1.,0.,0.));
#4008=DIRECTION('',(0.,0.,1.));
#4009=DIRECTION('',(0.,-1.,0.));
#4010=DIRECTION('',(0.,0.,-1.));
#4011=DIRECTION('',(1.,0.,0.));
#4012=DIRECTION('',(0.,-1.,0.));
#4013=DIRECTION('',(0.,0.,-1.));
#4014=DIRECTION('',(1.,0.,0.));
#4015=DIRECTION('',(0.,0.,1.));
#4016=DIRECTION('',(1.,0.,0.));
#4017=DIRECTION('',(0.,-1.,0.));
#4018=DIRECTION('',(0.,0.,-1.));
#4019=DIRECTION('',(1.,0.,0.));
#4020=DIRECTION('',(0.,-1.,0.));
#4021=DIRECTION('',(0.,0.,-1.));
#4022=DIRECTION('',(1.,0.,0.));
#4023=DIRECTION('',(0.,0.,1.));
#4024=DIRECTION('',(1.,0.,0.));
#4025=DIRECTION('',(-1.,0.,0.));
#4026=DIRECTION('',(0.,0.,1.));
#4027=DIRECTION('',(0.,0.,1.));
#4028=DIRECTION('',(0.,-1.,0.));
#4029=DIRECTION('',(1.,6.54260316538503E-16,0.));
#4030=DIRECTION('',(-6.54260316538503E-16,1.,0.));
#4031=DIRECTION('',(0.,0.,1.));
#4032=DIRECTION('',(-6.54260316538503E-16,1.,0.));
#4033=DIRECTION('',(0.,0.,1.));
#4034=DIRECTION('',(1.,0.,0.));
#4035=DIRECTION('',(0.,0.,1.));
#4036=DIRECTION('',(0.,0.,1.));
#4037=DIRECTION('',(1.,0.,0.));
#4038=DIRECTION('',(0.,1.,0.));
#4039=DIRECTION('',(0.,0.,1.));
#4040=DIRECTION('',(-1.,0.,0.));
#4041=DIRECTION('',(0.,0.,1.));
#4042=DIRECTION('',(1.,0.,0.));
#4043=DIRECTION('',(-1.,0.,0.));
#4044=DIRECTION('',(-0.601006467114324,0.799244159494931,0.));
#4045=DIRECTION('',(-0.601006467114324,0.799244159494931,0.));
#4046=DIRECTION('',(-1.,-8.16525068592048E-17,0.));
#4047=DIRECTION('',(1.,-6.54260316538503E-16,0.));
#4048=DIRECTION('',(6.54260316538503E-16,1.,0.));
#4049=DIRECTION('',(0.,0.,1.));
#4050=DIRECTION('',(6.54260316538503E-16,1.,0.));
#4051=DIRECTION('',(0.,0.,1.));
#4052=DIRECTION('',(0.,0.,1.));
#4053=DIRECTION('',(1.,0.,0.));
#4054=DIRECTION('',(0.,0.,1.));
#4055=DIRECTION('',(1.,0.,0.));
#4056=DIRECTION('',(0.,-1.,0.));
#4057=DIRECTION('',(0.,0.,-1.));
#4058=DIRECTION('',(0.,0.,1.));
#4059=DIRECTION('',(1.,0.,0.));
#4060=DIRECTION('',(0.799244159494931,-0.601006467114324,0.));
#4061=DIRECTION('',(0.601006467114324,0.799244159494931,0.));
#4062=DIRECTION('',(0.601006467114324,0.799244159494931,0.));
#4063=DIRECTION('',(0.799244159494931,-0.601006467114324,0.));
#4064=DIRECTION('',(0.601006467114324,0.799244159494931,0.));
#4065=DIRECTION('',(0.,0.,1.));
#4066=DIRECTION('',(0.601006467114324,0.799244159494931,0.));
#4067=DIRECTION('',(0.,-1.,0.));
#4068=DIRECTION('',(0.,0.,-1.));
#4069=DIRECTION('',(0.,0.,1.));
#4070=DIRECTION('',(1.,0.,0.));
#4071=DIRECTION('',(-1.,0.,0.));
#4072=DIRECTION('',(0.,0.,1.));
#4073=DIRECTION('',(0.,-1.,0.));
#4074=DIRECTION('',(0.,-1.,0.));
#4075=DIRECTION('',(0.,0.,-1.));
#4076=DIRECTION('',(0.,0.,1.));
#4077=DIRECTION('',(1.,0.,0.));
#4078=DIRECTION('',(0.,0.,1.));
#4079=DIRECTION('',(1.,0.,0.));
#4080=DIRECTION('',(0.,0.,1.));
#4081=DIRECTION('',(1.,0.,0.));
#4082=DIRECTION('',(0.,0.,1.));
#4083=DIRECTION('',(1.,0.,0.));
#4084=DIRECTION('',(-8.16525068592048E-17,1.,0.));
#4085=DIRECTION('',(-1.,-8.16525068592048E-17,0.));
#4086=DIRECTION('',(0.,0.,1.));
#4087=DIRECTION('',(0.,1.,0.));
#4088=DIRECTION('',(0.,0.,1.));
#4089=DIRECTION('',(0.,0.,1.));
#4090=DIRECTION('',(0.799244159494931,0.601006467114324,0.));
#4091=DIRECTION('',(-0.601006467114324,0.799244159494931,0.));
#4092=DIRECTION('',(0.799244159494931,0.601006467114324,0.));
#4093=DIRECTION('',(-0.601006467114324,0.799244159494931,0.));
#4094=DIRECTION('',(0.,0.,1.));
#4095=DIRECTION('',(1.,0.,0.));
#4096=DIRECTION('',(0.,0.,1.));
#4097=DIRECTION('',(0.,-1.,0.));
#4098=DIRECTION('',(0.,0.,-1.));
#4099=DIRECTION('',(0.,0.,1.));
#4100=DIRECTION('',(0.755568295662616,-0.655069882218294,0.));
#4101=DIRECTION('',(0.655069882218294,0.755568295662616,0.));
#4102=DIRECTION('',(0.755568295662616,-0.655069882218294,0.));
#4103=DIRECTION('',(0.655069882218294,0.755568295662616,0.));
#4104=DIRECTION('',(0.,0.,1.));
#4105=DIRECTION('',(0.,0.,1.));
#4106=DIRECTION('',(1.,0.,0.));
#4107=DIRECTION('',(0.,0.,1.));
#4108=DIRECTION('',(0.,-1.,0.));
#4109=DIRECTION('',(0.,0.,-1.));
#4110=DIRECTION('',(0.,0.,1.));
#4111=DIRECTION('',(0.,0.,1.));
#4112=DIRECTION('',(1.,0.,0.));
#4113=DIRECTION('',(0.,0.,1.));
#4114=DIRECTION('',(-1.,0.,0.));
#4115=DIRECTION('',(0.,0.,1.));
#4116=DIRECTION('',(0.,0.,1.));
#4117=DIRECTION('',(1.,0.,0.));
#4118=DIRECTION('',(0.,0.,1.));
#4119=DIRECTION('',(0.,0.,-1.));
#4120=DIRECTION('',(1.,0.,0.));
#4121=DIRECTION('',(0.,0.,1.));
#4122=DIRECTION('',(0.755568295662616,0.655069882218294,0.));
#4123=DIRECTION('',(-0.655069882218294,0.755568295662616,0.));
#4124=DIRECTION('',(-0.655069882218294,0.755568295662616,0.));
#4125=DIRECTION('',(0.755568295662616,0.655069882218294,0.));
#4126=DIRECTION('',(-0.655069882218294,0.755568295662616,0.));
#4127=DIRECTION('',(0.,0.,1.));
#4128=DIRECTION('',(-0.655069882218294,0.755568295662616,0.));
#4129=DIRECTION('',(-1.52886331835847E-16,1.,0.));
#4130=DIRECTION('',(-1.,-1.52886331835847E-16,0.));
#4131=DIRECTION('',(-1.,-1.52886331835847E-16,0.));
#4132=DIRECTION('',(-1.79459698942789E-16,1.,0.));
#4133=DIRECTION('',(-1.,-1.79459698942789E-16,0.));
#4134=DIRECTION('',(-1.,-1.79459698942789E-16,0.));
#4135=DIRECTION('',(0.,0.,1.));
#4136=DIRECTION('',(1.,0.,0.));
#4137=DIRECTION('',(0.,-1.,0.));
#4138=DIRECTION('',(0.,0.,-1.));
#4139=DIRECTION('',(1.,0.,0.));
#4140=DIRECTION('',(0.,0.,1.));
#4141=DIRECTION('',(0.,-1.,0.));
#4142=DIRECTION('',(0.,0.,-1.));
#4143=DIRECTION('',(1.,0.,0.));
#4144=DIRECTION('',(0.,0.,1.));
#4145=DIRECTION('',(1.,0.,0.));
#4146=DIRECTION('',(0.,0.,1.));
#4147=DIRECTION('',(0.,0.,1.));
#4148=DIRECTION('',(1.,0.,0.));
#4149=DIRECTION('',(-1.,0.,0.));
#4150=DIRECTION('',(0.,0.,1.));
#4151=DIRECTION('',(0.,0.,1.));
#4152=DIRECTION('',(0.,-1.,0.));
#4153=DIRECTION('',(0.,0.,1.));
#4154=DIRECTION('',(1.,0.,0.));
#4155=DIRECTION('',(0.,0.,1.));
#4156=DIRECTION('',(1.,0.,0.));
#4157=DIRECTION('',(0.,0.,1.));
#4158=DIRECTION('',(1.,0.,0.));
#4159=DIRECTION('',(0.,1.,0.));
#4160=DIRECTION('',(0.,0.,1.));
#4161=DIRECTION('',(1.,0.,0.));
#4162=DIRECTION('',(0.,0.,1.));
#4163=DIRECTION('',(1.,0.,0.));
#4164=DIRECTION('',(0.,0.,-1.));
#4165=DIRECTION('',(-1.,0.,0.));
#4166=DIRECTION('',(0.,0.,-1.));
#4167=DIRECTION('',(1.,0.,0.));
#4168=DIRECTION('',(0.,0.,1.));
#4169=DIRECTION('',(1.,0.,0.));
#4170=DIRECTION('',(0.,0.,-1.));
#4171=DIRECTION('',(-1.,0.,0.));
#4172=DIRECTION('',(0.,0.,-1.));
#4173=DIRECTION('',(1.,0.,0.));
#4174=DIRECTION('',(0.,0.,1.));
#4175=DIRECTION('',(1.,0.,0.));
#4176=DIRECTION('',(0.,0.,-1.));
#4177=DIRECTION('',(-1.,0.,0.));
#4178=DIRECTION('',(0.,0.,1.));
#4179=DIRECTION('',(1.,0.,0.));
#4180=DIRECTION('',(0.,0.,1.));
#4181=DIRECTION('',(1.,0.,0.));
#4182=DIRECTION('',(0.,0.,-1.));
#4183=DIRECTION('',(-1.,0.,0.));
#4184=DIRECTION('',(0.,0.,1.));
#4185=DIRECTION('',(1.,0.,0.));
#4186=DIRECTION('',(0.,0.,1.));
#4187=DIRECTION('',(1.,0.,0.));
#4188=DIRECTION('',(0.,0.,1.));
#4189=DIRECTION('',(1.,0.,0.));
#4190=DIRECTION('',(0.,0.,1.));
#4191=DIRECTION('',(1.,0.,0.));
#4192=DIRECTION('',(0.,0.,1.));
#4193=DIRECTION('',(1.,0.,0.));
#4194=DIRECTION('',(0.,0.,1.));
#4195=DIRECTION('',(1.,0.,0.));
#4196=DIRECTION('',(0.,0.,1.));
#4197=DIRECTION('',(1.,0.,0.));
#4198=DIRECTION('',(0.,0.,1.));
#4199=DIRECTION('',(1.,0.,0.));
#4200=DIRECTION('',(0.,0.,1.));
#4201=DIRECTION('',(1.,0.,0.));
#4202=DIRECTION('',(0.,0.,1.));
#4203=DIRECTION('',(1.,0.,0.));
#4204=DIRECTION('',(0.,0.,1.));
#4205=DIRECTION('',(1.,0.,0.));
#4206=DIRECTION('',(0.,0.,1.));
#4207=DIRECTION('',(1.,0.,0.));
#4208=CARTESIAN_POINT('',(0.,0.,0.));
#4209=CARTESIAN_POINT('',(0.0263621982603173,0.0126098465691004,0.0157));
#4210=CARTESIAN_POINT('',(0.0263621982603173,0.0103088465691004,0.0035));
#4211=CARTESIAN_POINT('',(0.0263621982603173,0.0103088465691004,0.0035));
#4212=CARTESIAN_POINT('',(0.0263621982603173,0.0103088465691004,0.));
#4213=CARTESIAN_POINT('',(0.0263621982603173,-0.00187915343089965,0.0035));
#4214=CARTESIAN_POINT('',(0.0263621982603173,-0.0140671534308997,0.0035));
#4215=CARTESIAN_POINT('',(0.0263621982603173,-0.0140671534308997,0.0157));
#4216=CARTESIAN_POINT('',(0.0263621982603173,-0.0140671534308997,0.0157));
#4217=CARTESIAN_POINT('',(0.0263621982603173,0.0126098465691004,0.0157));
#4218=CARTESIAN_POINT('',(0.0263621982603173,0.0103547619655728,0.0157));
#4219=CARTESIAN_POINT('',(0.0263621982603173,0.0103547619655728,0.0049));
#4220=CARTESIAN_POINT('',(0.0263621982603173,0.0103547619655728,0.0049));
#4221=CARTESIAN_POINT('',(0.0263621982603173,0.0126098465691004,0.0049));
#4222=CARTESIAN_POINT('',(0.0263621982603173,0.0149108465691004,0.0049));
#4223=CARTESIAN_POINT('',(0.0263621982603173,0.0149108465691004,0.0157));
#4224=CARTESIAN_POINT('',(0.0263621982603173,0.0149108465691004,0.));
#4225=CARTESIAN_POINT('',(0.0263621982603173,0.0126098465691004,0.));
#4226=CARTESIAN_POINT('',(0.0131810991301587,-0.0140671534308997,0.0157));
#4227=CARTESIAN_POINT('',(-0.0131810991301587,-0.0140671534308997,0.0035));
#4228=CARTESIAN_POINT('',(-0.0263621982603173,-0.0140671534308997,0.0035));
#4229=CARTESIAN_POINT('',(-0.0263621982603173,-0.0140671534308997,0.0157));
#4230=CARTESIAN_POINT('',(-0.0263621982603173,-0.0140671534308997,0.0049));
#4231=CARTESIAN_POINT('',(-0.0263621982603173,-0.0140671534308997,0.0157));
#4232=CARTESIAN_POINT('',(-0.0263621982603173,-0.0140671534308997,0.0157));
#4233=CARTESIAN_POINT('',(0.0131810991301587,-0.0140671534308997,0.0157));
#4234=CARTESIAN_POINT('',(-0.0221121982603173,0.0103088465691004,0.0157));
#4235=CARTESIAN_POINT('',(-0.0263621982603173,0.0103088465691004,0.0157));
#4236=CARTESIAN_POINT('',(-0.0263621982603173,0.0103088465691004,0.0049));
#4237=CARTESIAN_POINT('',(-0.0263621982603173,0.0103088465691004,0.0035));
#4238=CARTESIAN_POINT('',(0.0221121982603173,0.0103088465691004,0.0035));
#4239=CARTESIAN_POINT('',(0.0178621982603174,0.0103088465691004,0.0035));
#4240=CARTESIAN_POINT('',(0.0178621982603174,0.0103088465691004,0.0157));
#4241=CARTESIAN_POINT('',(0.0178621982603174,0.0103088465691004,0.0157));
#4242=CARTESIAN_POINT('',(-0.0221121982603173,0.0103088465691004,0.0157));
#4243=CARTESIAN_POINT('',(-0.0263621982603173,0.0103088465691004,0.0157));
#4244=CARTESIAN_POINT('',(-0.0263621982603173,0.0103088465691004,0.0157));
#4245=CARTESIAN_POINT('',(0.,-0.00187915343089961,0.0157));
#4246=CARTESIAN_POINT('',(0.0303471982603173,-0.00822915343089965,0.0157));
#4247=CARTESIAN_POINT('',(0.0314971982603173,-0.00822915343089965,0.0157));
#4248=CARTESIAN_POINT('',(0.0303471982603173,0.00447084656910035,0.0157));
#4249=CARTESIAN_POINT('',(0.0314971982603173,0.00447084656910035,0.0157));
#4250=CARTESIAN_POINT('',(0.0288621982603173,-0.00187915343089964,0.0157));
#4251=CARTESIAN_POINT('',(0.0297371982603174,-0.00187915343089964,0.0157));
#4252=CARTESIAN_POINT('',(0.030715,0.0275602382755927,0.0157));
#4253=CARTESIAN_POINT('',(0.030715,0.0278208465691005,0.0157));
#4254=CARTESIAN_POINT('',(0.030715,0.026884629982085,0.0157));
#4255=CARTESIAN_POINT('',(0.0315422146310968,0.026884629982085,0.0157));
#4256=CARTESIAN_POINT('',(0.0323694292621937,0.026884629982085,0.0157));
#4257=CARTESIAN_POINT('',(0.0323694292621935,0.0255085282515324,0.0157));
#4258=CARTESIAN_POINT('',(0.0337455309927464,0.0255085282515324,0.0157));
#4259=CARTESIAN_POINT('',(0.0337455309927464,0.0202056742280614,0.0157));
#4260=CARTESIAN_POINT('',(0.0337455309927464,0.0149028202045904,0.0157));
#4261=CARTESIAN_POINT('',(0.0329805973762167,0.0129131117896383,0.0157));
#4262=CARTESIAN_POINT('',(0.0345486951858725,0.0143571104993264,0.0157));
#4263=CARTESIAN_POINT('',(0.0361318425572448,0.0123708465691004,0.0157));
#4264=CARTESIAN_POINT('',(0.0345868497186145,0.0103547619655728,0.0157));
#4265=CARTESIAN_POINT('',(0.030474523989466,0.0103547619655728,0.0157));
#4266=CARTESIAN_POINT('',(-0.0263621982603173,-0.0183530159200413,0.0157));
#4267=CARTESIAN_POINT('',(-0.0263621982603173,-0.0147938942536712,0.0157));
#4268=CARTESIAN_POINT('',(-0.0157396004816109,-0.0147938942536712,0.0157));
#4269=CARTESIAN_POINT('',(-0.0051170027029044,-0.0147938942536712,0.0157));
#4270=CARTESIAN_POINT('',(-0.00345838314930936,-0.0169995976255498,0.0157));
#4271=CARTESIAN_POINT('',(-0.00179976359571431,-0.0192053009974285,0.0157));
#4272=CARTESIAN_POINT('',(0.000189299968858524,-0.0225930726791142,0.0157));
#4273=CARTESIAN_POINT('',(-7.31836466427716E-19,-0.0186691032153017,0.0157));
#4274=CARTESIAN_POINT('',(-0.000189299968858525,-0.0225930726791141,0.0157));
#4275=CARTESIAN_POINT('',(0.00179976359571431,-0.0192053009974285,0.0157));
#4276=CARTESIAN_POINT('',(0.00345838314930936,-0.0169995976255498,0.0157));
#4277=CARTESIAN_POINT('',(0.0051170027029044,-0.0147938942536712,0.0157));
#4278=CARTESIAN_POINT('',(0.0195440658684413,-0.0147938942536712,0.0157));
#4279=CARTESIAN_POINT('',(0.0339711290339783,-0.0147938942536712,0.0157));
#4280=CARTESIAN_POINT('',(0.0361318425572448,-0.0161291534308998,0.0157));
#4281=CARTESIAN_POINT('',(0.0345486951858725,-0.0181154173611257,0.0157));
#4282=CARTESIAN_POINT('',(0.0329805973762168,-0.0166714186514376,0.0157));
#4283=CARTESIAN_POINT('',(0.0337455309927464,-0.0186611270663897,0.0157));
#4284=CARTESIAN_POINT('',(0.0337455309927464,-0.0239639810898607,0.0157));
#4285=CARTESIAN_POINT('',(0.0337455309927464,-0.0292668351133317,0.0157));
#4286=CARTESIAN_POINT('',(0.0323694292621937,-0.0292668351133317,0.0157));
#4287=CARTESIAN_POINT('',(0.0323694292621937,-0.0306429368438844,0.0157));
#4288=CARTESIAN_POINT('',(0.0315422146310968,-0.0306429368438844,0.0157));
#4289=CARTESIAN_POINT('',(0.030715,-0.0306429368438844,0.0157));
#4290=CARTESIAN_POINT('',(0.030715,-0.031318545137392,0.0157));
#4291=CARTESIAN_POINT('',(0.030715,-0.0315791534308996,0.0157));
#4292=CARTESIAN_POINT('',(0.,-0.0315791534308996,0.0157));
#4293=CARTESIAN_POINT('',(0.039615,-0.0315791534308996,0.0157));
#4294=CARTESIAN_POINT('',(0.039615,-0.0307861813001639,0.0157));
#4295=CARTESIAN_POINT('',(0.039615,0.0278208465691005,0.0157));
#4296=CARTESIAN_POINT('',(0.,0.0278208465691005,0.0157));
#4297=CARTESIAN_POINT('',(0.0285385991301586,0.0149108465691004,0.0157));
#4298=CARTESIAN_POINT('',(0.0285385991301586,0.0149108465691004,0.0049));
#4299=CARTESIAN_POINT('',(0.030715,0.0149108465691004,0.0049));
#4300=CARTESIAN_POINT('',(0.030715,0.0149108465691004,0.0157));
#4301=CARTESIAN_POINT('',(0.030715,0.0149108465691004,0.));
#4302=CARTESIAN_POINT('',(0.0285385991301586,0.0149108465691004,0.));
#4303=CARTESIAN_POINT('',(0.0361318425572448,0.0123708465691004,0.0157));
#4304=CARTESIAN_POINT('',(0.0361318425572448,0.0123708465691004,0.00127));
#4305=CARTESIAN_POINT('',(0.0386718425572448,0.0123708465691004,0.00127));
#4306=CARTESIAN_POINT('',(0.0361318425572448,0.0123708465691004,0.0049));
#4307=CARTESIAN_POINT('',(0.0345486951858725,0.0143571104993264,0.0049));
#4308=CARTESIAN_POINT('',(0.0345868497186145,0.0103547619655728,0.0049));
#4309=CARTESIAN_POINT('',(0.0345868497186145,0.0103547619655728,0.0049));
#4310=CARTESIAN_POINT('',(0.0345486951858725,0.0143571104993264,0.0049));
#4311=CARTESIAN_POINT('',(0.,-0.00187915343089961,0.0157));
#4312=CARTESIAN_POINT('',(0.0122087826609932,0.0113532004878099,0.0157));
#4313=CARTESIAN_POINT('',(0.0178621982603174,0.0113532004878099,0.0157));
#4314=CARTESIAN_POINT('',(0.00653553687392259,0.0113532004878099,0.0157));
#4315=CARTESIAN_POINT('',(0.00452654552376504,0.0136704039063203,0.0157));
#4316=CARTESIAN_POINT('',(0.00251755417360752,0.0159876073248308,0.0157));
#4317=CARTESIAN_POINT('',(-0.000189299968897747,0.0188347658174943,0.0157));
#4318=CARTESIAN_POINT('',(1.04259387363222E-6,0.014910846789285,0.0157));
#4319=CARTESIAN_POINT('',(1.67752347192893E-15,0.0149108465691004,0.0157));
#4320=CARTESIAN_POINT('',(-1.04259387027717E-6,0.014910846789285,0.0157));
#4321=CARTESIAN_POINT('',(0.000189299968897751,0.0188347658174942,0.0157));
#4322=CARTESIAN_POINT('',(-0.00251755417360749,0.0159876073248308,0.0157));
#4323=CARTESIAN_POINT('',(-0.00452654552376504,0.0136704039063203,0.0157));
#4324=CARTESIAN_POINT('',(-0.0065355368739226,0.0113532004878099,0.0157));
#4325=CARTESIAN_POINT('',(-0.016086735532764,0.0113532004878099,0.0157));
#4326=CARTESIAN_POINT('',(-0.0256379341916054,0.0113532004878099,0.0157));
#4327=CARTESIAN_POINT('',(-0.0256379341916054,0.0106289364190979,0.0157));
#4328=CARTESIAN_POINT('',(-0.0263621982603173,0.0106289364190979,0.0157));
#4329=CARTESIAN_POINT('',(-0.0263621982603173,-0.0130936021916439,0.0157));
#4330=CARTESIAN_POINT('',(0.0178621982603174,0.0126098465691004,0.0157));
#4331=CARTESIAN_POINT('',(-0.000189299968897747,0.0188347658174943,0.0157));
#4332=CARTESIAN_POINT('',(0.00251755417360752,0.0159876073248308,0.0049));
#4333=CARTESIAN_POINT('',(0.00251755417360752,0.0159876073248308,0.0049));
#4334=CARTESIAN_POINT('',(-0.000189299968897747,0.0188347658174943,0.0049));
#4335=CARTESIAN_POINT('',(0.00373923294192931,0.0188347658173149,0.0049));
#4336=CARTESIAN_POINT('',(0.00373923294192931,0.0188347658173149,0.0157));
#4337=CARTESIAN_POINT('',(0.00373923294192931,0.0188347658173149,0.));
#4338=CARTESIAN_POINT('',(-0.000189299968897747,0.0188347658174943,0.));
#4339=CARTESIAN_POINT('',(1.04259387363222E-6,0.014910846789285,0.));
#4340=CARTESIAN_POINT('',(1.04259387363222E-6,0.014910846789285,0.0157));
#4341=CARTESIAN_POINT('',(-0.0192025,0.0149108465691004,0.0157));
#4342=CARTESIAN_POINT('',(-0.0192025,0.0149108465691004,0.0049));
#4343=CARTESIAN_POINT('',(-0.030715,0.0149108465691004,0.0049));
#4344=CARTESIAN_POINT('',(-0.0235043726861477,0.0149108465691004,0.0049));
#4345=CARTESIAN_POINT('',(-0.0235043726861477,0.0149108465691004,0.0049));
#4346=CARTESIAN_POINT('',(-0.0235043726861477,0.0149108465691004,0.0157));
#4347=CARTESIAN_POINT('',(-0.0192025,0.0149108465691004,0.0157));
#4348=CARTESIAN_POINT('',(-0.00769,0.0149108465691004,0.0157));
#4349=CARTESIAN_POINT('',(-0.00769,0.0149108465691004,0.0157));
#4350=CARTESIAN_POINT('',(-0.00769,0.0149108465691004,0.));
#4351=CARTESIAN_POINT('',(-0.0192025,0.0149108465691004,0.));
#4352=CARTESIAN_POINT('',(-0.030715,0.0149108465691004,0.));
#4353=CARTESIAN_POINT('',(-0.030715,0.0149108465691004,0.0157));
#4354=CARTESIAN_POINT('',(0.,-0.00187915343089961,0.0157));
#4355=CARTESIAN_POINT('',(0.00554893935874716,0.0167474208940917,0.0157));
#4356=CARTESIAN_POINT('',(0.00735864577556502,0.0146600759708685,0.0157));
#4357=CARTESIAN_POINT('',(0.00373923294192931,0.0188347658173149,0.0157));
#4358=CARTESIAN_POINT('',(0.00819583034486779,0.0153859063165253,0.0157));
#4359=CARTESIAN_POINT('',(0.00819583034486778,0.0142778865993023,0.0157));
#4360=CARTESIAN_POINT('',(0.0130290143025926,0.0142778865993023,0.0157));
#4361=CARTESIAN_POINT('',(0.0178621982603174,0.0142778865993023,0.0157));
#4362=CARTESIAN_POINT('',(0.0178621982603174,0.0126098465691004,0.0157));
#4363=CARTESIAN_POINT('',(0.0178621982603174,0.0149108465691004,0.0157));
#4364=CARTESIAN_POINT('',(0.0127760991301587,0.0149108465691004,0.0157));
#4365=CARTESIAN_POINT('',(0.00769,0.0149108465691004,0.0157));
#4366=CARTESIAN_POINT('',(0.00769,0.0270278744383645,0.0157));
#4367=CARTESIAN_POINT('',(0.00769,0.0278208465691004,0.0157));
#4368=CARTESIAN_POINT('',(0.00253999999999992,0.0278208465691005,0.0157));
#4369=CARTESIAN_POINT('',(0.00283170372153838,0.0278208465691005,0.0157));
#4370=CARTESIAN_POINT('',(-2.24890880333989E-5,0.0223273340624613,0.0157));
#4371=CARTESIAN_POINT('',(0.00373923294192932,0.0258199023076076,0.0157));
#4372=CARTESIAN_POINT('',(0.00373923294192931,0.0223273340624613,0.0157));
#4373=CARTESIAN_POINT('',(0.00571461647096464,0.0249199023076077,0.0157));
#4374=CARTESIAN_POINT('',(0.00658961647096464,0.0249199023076077,0.0157));
#4375=CARTESIAN_POINT('',(0.,-0.00187915343089961,0.0157));
#4376=CARTESIAN_POINT('',(-0.00571461647096464,0.0249199023076077,0.0157));
#4377=CARTESIAN_POINT('',(-0.00483961647096464,0.0249199023076077,0.0157));
#4378=CARTESIAN_POINT('',(-0.00819583034486779,0.0153859063165253,0.0157));
#4379=CARTESIAN_POINT('',(-0.00819583034486779,0.0142778865993023,0.0157));
#4380=CARTESIAN_POINT('',(-0.00735864577556502,0.0146600759708685,0.0157));
#4381=CARTESIAN_POINT('',(-0.00554893935874716,0.0167474208940917,0.0157));
#4382=CARTESIAN_POINT('',(-0.00373923294192929,0.0188347658173149,0.0157));
#4383=CARTESIAN_POINT('',(-0.00373923294192928,0.0223273340624613,0.0157));
#4384=CARTESIAN_POINT('',(-0.00373923294192928,0.0258199023076077,0.0157));
#4385=CARTESIAN_POINT('',(2.24890880334231E-5,0.0223273340624613,0.0157));
#4386=CARTESIAN_POINT('',(-0.00283170372153835,0.0278208465691005,0.0157));
#4387=CARTESIAN_POINT('',(-5.39273763680615E-16,0.0278208465691005,0.0157));
#4388=CARTESIAN_POINT('',(-0.00769,0.0278208465691004,0.0157));
#4389=CARTESIAN_POINT('',(-0.00769,0.0291519590314571,0.0157));
#4390=CARTESIAN_POINT('',(-0.0235043726861477,0.0148840722116861,0.0157));
#4391=CARTESIAN_POINT('',(-0.0235043726861477,0.0148572978542718,0.0157));
#4392=CARTESIAN_POINT('',(-0.0229249614311781,0.0148572978542718,0.0157));
#4393=CARTESIAN_POINT('',(-0.0229249614311781,0.0142778865993023,0.0157));
#4394=CARTESIAN_POINT('',(-0.0155603958880229,0.0142778865993023,0.0157));
#4395=CARTESIAN_POINT('',(0.,-0.00187915343089961,0.0157));
#4396=CARTESIAN_POINT('',(-0.00571461647096465,-0.0286782091694069,0.0157));
#4397=CARTESIAN_POINT('',(-0.00483961647096465,-0.0286782091694069,0.0157));
#4398=CARTESIAN_POINT('',(-0.0043542254445643,-0.0194236090323,0.0157));
#4399=CARTESIAN_POINT('',(-0.00331144763663432,-0.0208103396554173,0.0157));
#4400=CARTESIAN_POINT('',(-0.00539700325249429,-0.0180368784091827,0.0157));
#4401=CARTESIAN_POINT('',(-0.0158796007564058,-0.0180368784091827,0.0157));
#4402=CARTESIAN_POINT('',(-0.0263621982603173,-0.0180368784091827,0.0157));
#4403=CARTESIAN_POINT('',(-0.0263621982603173,-0.0183530159200413,0.0157));
#4404=CARTESIAN_POINT('',(-0.0263621982603173,-0.0186691534308997,0.0157));
#4405=CARTESIAN_POINT('',(-0.0192025,-0.0186691534308997,0.0157));
#4406=CARTESIAN_POINT('',(-0.00769,-0.0186691534308997,0.0157));
#4407=CARTESIAN_POINT('',(-0.00769,-0.0307861813001533,0.0157));
#4408=CARTESIAN_POINT('',(-0.00769,-0.0315791534308996,0.0157));
#4409=CARTESIAN_POINT('',(-0.00254,-0.0315791534308996,0.0157));
#4410=CARTESIAN_POINT('',(-0.00283170372153845,-0.0315791534308996,0.0157));
#4411=CARTESIAN_POINT('',(2.24890880334112E-5,-0.0260856409242605,0.0157));
#4412=CARTESIAN_POINT('',(-0.0037392329419293,-0.0295782091694069,0.0157));
#4413=CARTESIAN_POINT('',(-0.0037392329419293,-0.0260856409242605,0.0157));
#4414=CARTESIAN_POINT('',(-0.0037392329419293,-0.0225930726791141,0.0157));
#4415=CARTESIAN_POINT('',(0.000189299968858524,-0.0225930726791142,0.0157));
#4416=CARTESIAN_POINT('',(0.000189299968858524,-0.0225930726791142,0.0157));
#4417=CARTESIAN_POINT('',(0.000189299968858524,-0.0225930726791142,0.0049));
#4418=CARTESIAN_POINT('',(-0.00179976359571431,-0.0192053009974285,0.0049));
#4419=CARTESIAN_POINT('',(-0.00331144763663432,-0.0208103396554173,0.0049));
#4420=CARTESIAN_POINT('',(-0.00331144763663432,-0.0208103396554173,0.0049));
#4421=CARTESIAN_POINT('',(-0.0037392329419293,-0.0225930726791141,0.0157));
#4422=CARTESIAN_POINT('',(-0.0037392329419293,-0.0225930726791141,0.));
#4423=CARTESIAN_POINT('',(0.000189299968858524,-0.0225930726791142,0.));
#4424=CARTESIAN_POINT('',(-7.31836466427716E-19,-0.0186691032153017,0.));
#4425=CARTESIAN_POINT('',(-7.31836466427716E-19,-0.0186691032153017,0.0157));
#4426=CARTESIAN_POINT('',(-0.00179976359571431,-0.0192053009974285,0.0049));
#4427=CARTESIAN_POINT('',(-0.0263621982603173,-0.0183530159200413,0.0049));
#4428=CARTESIAN_POINT('',(-0.0263621982603173,-0.0183530159200413,0.0049));
#4429=CARTESIAN_POINT('',(-0.0263621982603173,-0.0147938942536712,0.0049));
#4430=CARTESIAN_POINT('',(-0.0263621982603173,-0.0147938942536712,0.0049));
#4431=CARTESIAN_POINT('',(0.0192025,-0.0186691534308997,0.0157));
#4432=CARTESIAN_POINT('',(0.0192025,-0.0186691534308997,0.0049));
#4433=CARTESIAN_POINT('',(0.030715,-0.0186691534308997,0.0049));
#4434=CARTESIAN_POINT('',(0.0286199934780598,-0.0186691534308997,0.0049));
#4435=CARTESIAN_POINT('',(0.0286199934780598,-0.0186691534308997,0.0049));
#4436=CARTESIAN_POINT('',(0.0286199934780598,-0.0186691534308997,0.0157));
#4437=CARTESIAN_POINT('',(0.0192025,-0.0186691534308997,0.0157));
#4438=CARTESIAN_POINT('',(0.00769,-0.0186691534308997,0.0157));
#4439=CARTESIAN_POINT('',(0.00769,-0.0186691534308997,0.0157));
#4440=CARTESIAN_POINT('',(0.00769,-0.0186691534308997,0.));
#4441=CARTESIAN_POINT('',(0.0192025,-0.0186691534308997,0.));
#4442=CARTESIAN_POINT('',(0.030715,-0.0186691534308997,0.));
#4443=CARTESIAN_POINT('',(0.030715,-0.0186691534308997,0.0157));
#4444=CARTESIAN_POINT('',(-0.0263621982603173,-0.0130936021916439,0.0157));
#4445=CARTESIAN_POINT('',(-0.0263621982603173,0.00933529532984465,0.0035));
#4446=CARTESIAN_POINT('',(-0.0263621982603173,-0.0130936021916439,0.0049));
#4447=CARTESIAN_POINT('',(-0.0263621982603173,0.00836174409058888,0.0049));
#4448=CARTESIAN_POINT('',(-0.0263621982603173,0.00836174409058888,0.0049));
#4449=CARTESIAN_POINT('',(-0.0263621982603173,0.00836174409058888,0.0157));
#4450=CARTESIAN_POINT('',(-0.0263621982603173,-0.0130936021916439,0.0157));
#4451=CARTESIAN_POINT('',(-0.0263621982603173,-0.0121200509523882,0.0157));
#4452=CARTESIAN_POINT('',(-0.0263621982603173,-0.0121200509523882,0.0049));
#4453=CARTESIAN_POINT('',(-0.0263621982603173,-0.0121200509523882,0.0049));
#4454=CARTESIAN_POINT('',(-0.0263621982603173,-0.0183530159200413,0.0049));
#4455=CARTESIAN_POINT('',(-0.033615,-0.0161291534308997,0.0157));
#4456=CARTESIAN_POINT('',(-0.033615,-0.0161291534308997,0.00127));
#4457=CARTESIAN_POINT('',(-0.031075,-0.0161291534308997,0.00127));
#4458=CARTESIAN_POINT('',(-0.033615,-0.0161291534308997,0.0049));
#4459=CARTESIAN_POINT('',(-0.0337455309927464,-0.018665797209583,0.0049));
#4460=CARTESIAN_POINT('',(-0.0335205514085632,-0.0135909100494298,0.0049));
#4461=CARTESIAN_POINT('',(-0.0335205514085632,-0.0135909100494298,0.0049));
#4462=CARTESIAN_POINT('',(-0.0335205514085632,-0.0135909100494298,0.0157));
#4463=CARTESIAN_POINT('',(-0.033615,-0.0161291534308997,0.0157));
#4464=CARTESIAN_POINT('',(-0.0359295942540222,-0.0150830877354258,0.0157));
#4465=CARTESIAN_POINT('',(-0.0359295942540222,-0.0150830877354258,0.0049));
#4466=CARTESIAN_POINT('',(-0.0359295942540222,-0.0150830877354258,0.0049));
#4467=CARTESIAN_POINT('',(-0.033615,-0.0161291534308997,0.0049));
#4468=CARTESIAN_POINT('',(-0.0360685478762086,-0.0167861943878822,0.0049));
#4469=CARTESIAN_POINT('',(-0.0360685478762086,-0.0167861943878822,0.0049));
#4470=CARTESIAN_POINT('',(-0.0360685478762086,-0.0167861943878822,0.0157));
#4471=CARTESIAN_POINT('',(-0.033615,-0.0161291534308997,0.0157));
#4472=CARTESIAN_POINT('',(-0.0337455309927464,-0.018665797209583,0.0157));
#4473=CARTESIAN_POINT('',(-0.0337455309927464,-0.018665797209583,0.0049));
#4474=CARTESIAN_POINT('',(0.,-0.00187915343089961,0.0157));
#4475=CARTESIAN_POINT('',(-0.0303471982603173,-0.00822915343089965,0.0157));
#4476=CARTESIAN_POINT('',(-0.0291971982603174,-0.00822915343089965,0.0157));
#4477=CARTESIAN_POINT('',(-0.0303471982603173,0.00447084656910035,0.0157));
#4478=CARTESIAN_POINT('',(-0.0291971982603174,0.00447084656910035,0.0157));
#4479=CARTESIAN_POINT('',(-0.0288621982603173,-0.00187915343089964,0.0157));
#4480=CARTESIAN_POINT('',(-0.0279871982603173,-0.00187915343089964,0.0157));
#4481=CARTESIAN_POINT('',(-0.0335205514085632,-0.0135909100494299,0.0157));
#4482=CARTESIAN_POINT('',(-0.0324759077806794,-0.0130192923515573,0.0157));
#4483=CARTESIAN_POINT('',(-0.0305261488943572,-0.0119558183810171,0.0157));
#4484=CARTESIAN_POINT('',(-0.0283033787462747,-0.0143649234942506,0.0157));
#4485=CARTESIAN_POINT('',(-0.0270146823329328,-0.0128747061431213,0.0157));
#4486=CARTESIAN_POINT('',(-0.0263621982603173,-0.0121200509523882,0.0157));
#4487=CARTESIAN_POINT('',(-0.0336068744967544,0.00987983824811241,0.0157));
#4488=CARTESIAN_POINT('',(-0.033578100134024,0.0098640932279518,0.0157));
#4489=CARTESIAN_POINT('',(-0.0335493257712937,0.00984834820779119,0.0157));
#4490=CARTESIAN_POINT('',(-0.0335205514085632,0.00983260318763058,0.0157));
#4491=CARTESIAN_POINT('',(-0.0324759077806794,0.00926098548975802,0.0157));
#4492=CARTESIAN_POINT('',(-0.0305261488943572,0.0081975115192178,0.0157));
#4493=CARTESIAN_POINT('',(-0.0283033787462747,0.0106066166324513,0.0157));
#4494=CARTESIAN_POINT('',(-0.0270146823329328,0.00911639928132199,0.0157));
#4495=CARTESIAN_POINT('',(-0.0263621982603173,0.00836174409058888,0.0157));
#4496=CARTESIAN_POINT('',(-0.0335219220935925,0.00983541169999279,0.0157));
#4497=CARTESIAN_POINT('',(-0.033615,0.0123708465691004,0.0157));
#4498=CARTESIAN_POINT('',(-0.035924475133366,0.0113247808736265,0.0157));
#4499=CARTESIAN_POINT('',(-0.0374343044286701,0.0113247808736265,0.0157));
#4500=CARTESIAN_POINT('',(-0.0389441337239743,0.0113247808736265,0.0157));
#4501=CARTESIAN_POINT('',(-0.0292106013827051,-0.013385424833119,0.0157));
#4502=CARTESIAN_POINT('',(-0.0382732674479484,0.00962167422117007,0.0157));
#4503=CARTESIAN_POINT('',(-0.0382732674479484,-0.00187915343089961,0.0157));
#4504=CARTESIAN_POINT('',(-0.0382732674479484,-0.0133799810829694,0.0157));
#4505=CARTESIAN_POINT('',(-0.029210601382705,0.00962711797131975,0.0157));
#4506=CARTESIAN_POINT('',(-0.0389441337239743,-0.0150830877354258,0.0157));
#4507=CARTESIAN_POINT('',(-0.0374343044286701,-0.0150830877354258,0.0157));
#4508=CARTESIAN_POINT('',(0.,-0.00187915343089961,0.0157));
#4509=CARTESIAN_POINT('',(-0.0323694292621937,-0.0292668351133317,0.0157));
#4510=CARTESIAN_POINT('',(-0.0337455309927464,-0.0292668351133317,0.0157));
#4511=CARTESIAN_POINT('',(-0.0323694292621937,-0.0306429368438844,0.0157));
#4512=CARTESIAN_POINT('',(-0.0337455309927464,-0.0239639810898607,0.0157));
#4513=CARTESIAN_POINT('',(-0.0378393596297382,-0.0167861943878822,0.0157));
#4514=CARTESIAN_POINT('',(-0.039615,-0.0167861943878821,0.0157));
#4515=CARTESIAN_POINT('',(-0.039615,0.027027874438354,0.0157));
#4516=CARTESIAN_POINT('',(-0.039615,-0.0315791534308996,0.0157));
#4517=CARTESIAN_POINT('',(-0.032975,-0.0315791534308996,0.0157));
#4518=CARTESIAN_POINT('',(-0.030715,-0.0315791534308996,0.0157));
#4519=CARTESIAN_POINT('',(-0.030715,-0.031318545137392,0.0157));
#4520=CARTESIAN_POINT('',(-0.030715,-0.0306429368438844,0.0157));
#4521=CARTESIAN_POINT('',(-0.0315422146310968,-0.0306429368438844,0.0157));
#4522=CARTESIAN_POINT('',(0.,-0.00187915343089961,0.0157));
#4523=CARTESIAN_POINT('',(0.0043542254445643,-0.0194236090323,0.0157));
#4524=CARTESIAN_POINT('',(0.00331144763663432,-0.0208103396554173,0.0157));
#4525=CARTESIAN_POINT('',(0.00539700325249429,-0.0180368784091827,0.0157));
#4526=CARTESIAN_POINT('',(-0.000189299968858525,-0.0225930726791141,0.0157));
#4527=CARTESIAN_POINT('',(0.0037392329419293,-0.0225930726791141,0.0157));
#4528=CARTESIAN_POINT('',(0.0037392329419293,-0.0260856409242605,0.0157));
#4529=CARTESIAN_POINT('',(0.0037392329419293,-0.0295782091694069,0.0157));
#4530=CARTESIAN_POINT('',(-2.24890880334109E-5,-0.0260856409242605,0.0157));
#4531=CARTESIAN_POINT('',(0.00283170372153845,-0.0315791534308996,0.0157));
#4532=CARTESIAN_POINT('',(0.,-0.0315791534308996,0.0157));
#4533=CARTESIAN_POINT('',(0.00769,-0.0315791534308996,0.0157));
#4534=CARTESIAN_POINT('',(0.0076900000000001,-0.0329102658932563,0.0157));
#4535=CARTESIAN_POINT('',(0.0286199934780598,-0.0183530159200413,0.0157));
#4536=CARTESIAN_POINT('',(0.0286199934780598,-0.0180368784091827,0.0157));
#4537=CARTESIAN_POINT('',(0.017008498365277,-0.0180368784091827,0.0157));
#4538=CARTESIAN_POINT('',(0.00571461647096462,-0.0286782091694069,0.0157));
#4539=CARTESIAN_POINT('',(0.00658961647096462,-0.0286782091694069,0.0157));
#4540=CARTESIAN_POINT('',(-0.0192025,-0.0186691534308997,0.0157));
#4541=CARTESIAN_POINT('',(-0.0263621982603173,-0.0186691534308997,0.0049));
#4542=CARTESIAN_POINT('',(-0.0263621982603173,-0.0186691534308997,0.0049));
#4543=CARTESIAN_POINT('',(-0.0192025,-0.0186691534308997,0.0049));
#4544=CARTESIAN_POINT('',(-0.030715,-0.0186691534308997,0.0049));
#4545=CARTESIAN_POINT('',(-0.030715,-0.0186691534308997,0.0157));
#4546=CARTESIAN_POINT('',(-0.030715,-0.0186691534308997,0.));
#4547=CARTESIAN_POINT('',(-0.0192025,-0.0186691534308997,0.));
#4548=CARTESIAN_POINT('',(-0.00769,-0.0186691534308997,0.));
#4549=CARTESIAN_POINT('',(-0.00769,-0.0186691534308997,0.0157));
#4550=CARTESIAN_POINT('',(0.,-0.00187915343089961,0.0157));
#4551=CARTESIAN_POINT('',(-0.039615,0.027027874438354,0.0157));
#4552=CARTESIAN_POINT('',(-0.039615,0.0278208465691005,0.0157));
#4553=CARTESIAN_POINT('',(-0.039615,0.0130278875260829,0.0157));
#4554=CARTESIAN_POINT('',(-0.0378393596297382,0.0130278875260829,0.0157));
#4555=CARTESIAN_POINT('',(-0.0360637192594764,0.0130278875260829,0.0157));
#4556=CARTESIAN_POINT('',(-0.033615,0.0123708465691004,0.0157));
#4557=CARTESIAN_POINT('',(-0.0337455309927464,0.0149028202045903,0.0157));
#4558=CARTESIAN_POINT('',(-0.0337455309927464,0.0202056742280614,0.0157));
#4559=CARTESIAN_POINT('',(-0.0337455309927464,0.0255085282515324,0.0157));
#4560=CARTESIAN_POINT('',(-0.0323694292621937,0.0255085282515324,0.0157));
#4561=CARTESIAN_POINT('',(-0.0323694292621937,0.026884629982085,0.0157));
#4562=CARTESIAN_POINT('',(-0.0315422146310968,0.026884629982085,0.0157));
#4563=CARTESIAN_POINT('',(-0.030715,0.026884629982085,0.0157));
#4564=CARTESIAN_POINT('',(-0.030715,0.0275602382755927,0.0157));
#4565=CARTESIAN_POINT('',(-0.030715,0.0278208465691005,0.0157));
#4566=CARTESIAN_POINT('',(-0.037355,0.0278208465691005,0.0157));
#4567=CARTESIAN_POINT('',(-0.0392795668619871,-0.015934641061654,0.0329));
#4568=CARTESIAN_POINT('',(-0.0392795668619871,-0.015934641061654,0.0049));
#4569=CARTESIAN_POINT('',(-0.039615,-0.0167861943878821,0.0049));
#4570=CARTESIAN_POINT('',(-0.0389441337239743,-0.0150830877354258,0.0049));
#4571=CARTESIAN_POINT('',(-0.0389441337239743,-0.0150830877354258,0.0049));
#4572=CARTESIAN_POINT('',(-0.0382732674479484,-0.0133799810829694,0.0329));
#4573=CARTESIAN_POINT('',(-0.0382732674479484,-0.0133799810829694,0.));
#4574=CARTESIAN_POINT('',(-0.0392795668619871,-0.015934641061654,0.));
#4575=CARTESIAN_POINT('',(-0.039615,-0.0167861943878822,0.));
#4576=CARTESIAN_POINT('',(-0.039615,-0.0167861943878822,0.0329));
#4577=CARTESIAN_POINT('',(-0.0386087005859614,0.0104732275473983,0.0329));
#4578=CARTESIAN_POINT('',(-0.0392795668619871,0.0121763341998547,0.0049));
#4579=CARTESIAN_POINT('',(-0.039615,0.0130278875260829,0.0049));
#4580=CARTESIAN_POINT('',(-0.0389441337239743,0.0113247808736265,0.0049));
#4581=CARTESIAN_POINT('',(-0.039615,0.0130278875260828,0.0329));
#4582=CARTESIAN_POINT('',(-0.039615,0.0130278875260828,0.));
#4583=CARTESIAN_POINT('',(-0.0386087005859614,0.0104732275473983,0.));
#4584=CARTESIAN_POINT('',(-0.0382732674479484,0.00962167422117007,0.));
#4585=CARTESIAN_POINT('',(-0.0382732674479484,0.00962167422117007,0.0329));
#4586=CARTESIAN_POINT('',(-0.0389441337239743,0.0113247808736265,0.0049));
#4587=CARTESIAN_POINT('',(-0.039615,0.027027874438354,0.0157));
#4588=CARTESIAN_POINT('',(-0.039615,0.0130278875260828,0.0329));
#4589=CARTESIAN_POINT('',(-0.039615,0.0278208465691005,0.0157));
#4590=CARTESIAN_POINT('',(-0.039615,0.0282358465691004,0.015285));
#4591=CARTESIAN_POINT('',(-0.039615,0.0282358465691004,0.0157));
#4592=CARTESIAN_POINT('',(-0.039615,0.0282358465691004,0.));
#4593=CARTESIAN_POINT('',(-0.039615,0.027027874438354,0.));
#4594=CARTESIAN_POINT('',(-0.0037392329419293,-0.029578209169407,0.0157));
#4595=CARTESIAN_POINT('',(-0.0037392329419293,-0.029578209169407,3.46944695195361E-18));
#4596=CARTESIAN_POINT('',(-0.00344690554085771,-0.0305211101978939,0.0157));
#4597=CARTESIAN_POINT('',(-0.00344690554085771,-0.0305211101978939,3.46944695195361E-18));
#4598=CARTESIAN_POINT('',(-0.00303454154766054,-0.0313518482373345,0.0157));
#4599=CARTESIAN_POINT('',(-0.00303454154766054,-0.0313518482373345,3.46944695195361E-18));
#4600=CARTESIAN_POINT('',(-0.00254,-0.0319941534308996,0.0157));
#4601=CARTESIAN_POINT('',(-0.00254,-0.0319941534308996,3.46944695195361E-18));
#4602=CARTESIAN_POINT('',(-0.00283170372153845,-0.0315791534308996,0.0157));
#4603=CARTESIAN_POINT('',(-0.00274126180641597,-0.0317198740459545,0.0155592793849452));
#4604=CARTESIAN_POINT('',(-0.0026445341961174,-0.0318583855517619,0.0154207678791377));
#4605=CARTESIAN_POINT('',(-0.00254,-0.0319941534308996,0.015285));
#4606=CARTESIAN_POINT('',(-0.00254,-0.0319941534308996,0.015285));
#4607=CARTESIAN_POINT('',(-0.00254,-0.0319941534308996,0.0157));
#4608=CARTESIAN_POINT('',(-0.00254,-0.0319941534308996,0.));
#4609=CARTESIAN_POINT('',(2.24890880334112E-5,-0.0260856409242605,0.));
#4610=CARTESIAN_POINT('',(-0.0037392329419293,-0.0295782091694069,0.));
#4611=CARTESIAN_POINT('',(-0.0037392329419293,-0.0295782091694069,0.0157));
#4612=CARTESIAN_POINT('',(-0.0037392329419293,-0.0260856409242605,0.0157));
#4613=CARTESIAN_POINT('',(-0.0037392329419293,-0.0260856409242605,0.));
#4614=CARTESIAN_POINT('',(-0.000189299968858525,-0.0225930726791141,0.0157));
#4615=CARTESIAN_POINT('',(-0.000189299968858525,-0.0225930726791141,0.0049));
#4616=CARTESIAN_POINT('',(0.00179976359571431,-0.0192053009974285,0.0049));
#4617=CARTESIAN_POINT('',(0.00331144763663432,-0.0208103396554173,0.0049));
#4618=CARTESIAN_POINT('',(0.00179976359571431,-0.0192053009974285,0.0049));
#4619=CARTESIAN_POINT('',(-0.000189299968858525,-0.0225930726791141,0.));
#4620=CARTESIAN_POINT('',(0.0037392329419293,-0.0225930726791141,0.));
#4621=CARTESIAN_POINT('',(0.0037392329419293,-0.0225930726791141,0.0157));
#4622=CARTESIAN_POINT('',(0.00331144763663432,-0.0208103396554173,0.0049));
#4623=CARTESIAN_POINT('',(0.0037392329419293,-0.0260856409242605,0.0157));
#4624=CARTESIAN_POINT('',(0.0037392329419293,-0.0260856409242605,0.));
#4625=CARTESIAN_POINT('',(0.0037392329419293,-0.0295782091694069,0.));
#4626=CARTESIAN_POINT('',(0.0037392329419293,-0.0295782091694069,0.0157));
#4627=CARTESIAN_POINT('',(0.00253999999999999,-0.0319941534308996,0.0157));
#4628=CARTESIAN_POINT('',(0.00253999999999999,-0.0319941534308996,0.));
#4629=CARTESIAN_POINT('',(0.00303454154766054,-0.0313518482373345,0.0157));
#4630=CARTESIAN_POINT('',(0.00303454154766054,-0.0313518482373345,0.));
#4631=CARTESIAN_POINT('',(0.00344690554085771,-0.0305211101978939,0.0157));
#4632=CARTESIAN_POINT('',(0.00344690554085771,-0.0305211101978939,0.));
#4633=CARTESIAN_POINT('',(0.0037392329419293,-0.029578209169407,0.0157));
#4634=CARTESIAN_POINT('',(0.0037392329419293,-0.029578209169407,0.));
#4635=CARTESIAN_POINT('',(0.00254,-0.0319941534308996,0.0157));
#4636=CARTESIAN_POINT('',(0.00254,-0.0319941534308996,0.015285));
#4637=CARTESIAN_POINT('',(0.00254,-0.0319941534308996,0.));
#4638=CARTESIAN_POINT('',(0.00254,-0.0319941534308996,0.015285));
#4639=CARTESIAN_POINT('',(0.0026445341961174,-0.0318583855517619,0.0154207678791377));
#4640=CARTESIAN_POINT('',(0.00274126180641597,-0.0317198740459545,0.0155592793849452));
#4641=CARTESIAN_POINT('',(0.00283170372153845,-0.0315791534308996,0.0157));
#4642=CARTESIAN_POINT('',(-2.24890880334109E-5,-0.0260856409242605,0.));
#4643=CARTESIAN_POINT('',(0.00254,-0.0339566534308996,0.0157));
#4644=CARTESIAN_POINT('',(0.00254,-0.0359191534308997,0.0157));
#4645=CARTESIAN_POINT('',(0.00254,-0.0359191534308997,0.01136));
#4646=CARTESIAN_POINT('',(0.00254,-0.0359191534308997,0.));
#4647=CARTESIAN_POINT('',(0.00254,-0.0327679034308997,0.01451125));
#4648=CARTESIAN_POINT('',(0.00254,-0.0339566534308996,0.));
#4649=CARTESIAN_POINT('',(0.0040686124623569,-0.0359191534308997,0.0157));
#4650=CARTESIAN_POINT('',(0.00559722492471334,-0.0359191534308997,0.0157));
#4651=CARTESIAN_POINT('',(0.00559722492471334,-0.0359191534308997,0.01136));
#4652=CARTESIAN_POINT('',(0.00559722492471334,-0.0359191534308997,0.));
#4653=CARTESIAN_POINT('',(0.0040686124623569,-0.0359191534308997,0.01136));
#4654=CARTESIAN_POINT('',(0.0040686124623569,-0.0359191534308997,0.));
#4655=CARTESIAN_POINT('',(0.00664361246235666,-0.0348727658932564,0.0157));
#4656=CARTESIAN_POINT('',(0.0076900000000002,-0.0338263783556131,0.0157));
#4657=CARTESIAN_POINT('',(0.0076900000000002,-0.0338263783556131,0.0134527750752865));
#4658=CARTESIAN_POINT('',(0.0076900000000002,-0.0338263783556131,0.));
#4659=CARTESIAN_POINT('',(0.00508768743726123,-0.0364286909183518,0.0108504625125478));
#4660=CARTESIAN_POINT('',(0.00664361246235666,-0.0348727658932564,0.));
#4661=CARTESIAN_POINT('',(0.0076900000000001,-0.0329102658932563,0.0157));
#4662=CARTESIAN_POINT('',(0.00769,-0.032244709662078,0.0150344437688217));
#4663=CARTESIAN_POINT('',(0.0076900000000001,-0.0329102658932563,0.));
#4664=CARTESIAN_POINT('',(0.030715,-0.031318545137392,0.0157));
#4665=CARTESIAN_POINT('',(0.030715,-0.0306429368438844,0.0049));
#4666=CARTESIAN_POINT('',(0.030715,-0.0306429368438844,0.0049));
#4667=CARTESIAN_POINT('',(0.030715,-0.031318545137392,0.0049));
#4668=CARTESIAN_POINT('',(0.030715,-0.031318545137392,0.));
#4669=CARTESIAN_POINT('',(0.030715,-0.0319941534308996,0.));
#4670=CARTESIAN_POINT('',(0.030715,-0.0319941534308996,0.0157));
#4671=CARTESIAN_POINT('',(0.030715,-0.0319941534308996,0.015285));
#4672=CARTESIAN_POINT('',(0.030715,-0.0314488492841458,0.0158303041467539));
#4673=CARTESIAN_POINT('',(0.031845,-0.0339566534308996,0.0157));
#4674=CARTESIAN_POINT('',(0.032975,-0.0359191534308997,0.0157));
#4675=CARTESIAN_POINT('',(0.032975,-0.0359191534308997,0.01136));
#4676=CARTESIAN_POINT('',(0.032975,-0.0359191534308997,0.));
#4677=CARTESIAN_POINT('',(0.0312578538706,-0.0329369416796186,0.014342211751281));
#4678=CARTESIAN_POINT('',(0.031845,-0.0339566534308996,0.));
#4679=CARTESIAN_POINT('',(0.035165,-0.0359191534308997,0.0157));
#4680=CARTESIAN_POINT('',(0.037355,-0.0359191534308997,0.0157));
#4681=CARTESIAN_POINT('',(0.037355,-0.0359191534308997,0.01136));
#4682=CARTESIAN_POINT('',(0.037355,-0.0359191534308997,0.));
#4683=CARTESIAN_POINT('',(0.035165,-0.0359191534308997,0.01136));
#4684=CARTESIAN_POINT('',(0.035165,-0.0359191534308997,0.));
#4685=CARTESIAN_POINT('',(0.038485,-0.0339566534308996,0.0157));
#4686=CARTESIAN_POINT('',(0.039615,-0.0319941534308996,0.0157));
#4687=CARTESIAN_POINT('',(0.039615,-0.0319941534308996,0.015285));
#4688=CARTESIAN_POINT('',(0.039615,-0.0319941534308996,0.));
#4689=CARTESIAN_POINT('',(0.0390721461294001,-0.0329369416796186,0.014342211751281));
#4690=CARTESIAN_POINT('',(0.038485,-0.0339566534308996,0.));
#4691=CARTESIAN_POINT('',(0.039615,-0.0307861813001639,0.0157));
#4692=CARTESIAN_POINT('',(0.039615,0.0282358465691004,0.0157));
#4693=CARTESIAN_POINT('',(0.039615,0.0282358465691004,0.015285));
#4694=CARTESIAN_POINT('',(0.039615,0.0282358465691004,0.));
#4695=CARTESIAN_POINT('',(0.039615,-0.00148266736553173,0.0450035139346322));
#4696=CARTESIAN_POINT('',(0.039615,-0.0311826673655318,0.0160964860653679));
#4697=CARTESIAN_POINT('',(0.039615,-0.0307861813001639,0.));
#4698=CARTESIAN_POINT('',(0.038485,0.0301983465691004,0.0157));
#4699=CARTESIAN_POINT('',(0.037355,0.0321608465691004,0.0157));
#4700=CARTESIAN_POINT('',(0.037355,0.0321608465691004,0.01136));
#4701=CARTESIAN_POINT('',(0.037355,0.0321608465691004,0.));
#4702=CARTESIAN_POINT('',(0.0370435856869026,0.0327016877987055,0.0108191587703949));
#4703=CARTESIAN_POINT('',(0.038485,0.0301983465691004,0.));
#4704=CARTESIAN_POINT('',(0.035165,0.0321608465691004,0.0157));
#4705=CARTESIAN_POINT('',(0.032975,0.0321608465691004,0.0157));
#4706=CARTESIAN_POINT('',(0.032975,0.0321608465691004,0.01136));
#4707=CARTESIAN_POINT('',(0.032975,0.0321608465691004,0.));
#4708=CARTESIAN_POINT('',(0.035165,0.0321608465691004,0.01136));
#4709=CARTESIAN_POINT('',(0.035165,0.0321608465691004,0.));
#4710=CARTESIAN_POINT('',(0.031845,0.0301983465691004,0.0157));
#4711=CARTESIAN_POINT('',(0.030715,0.0282358465691004,0.0157));
#4712=CARTESIAN_POINT('',(0.030715,0.0282358465691004,0.015285));
#4713=CARTESIAN_POINT('',(0.030715,0.0282358465691004,0.));
#4714=CARTESIAN_POINT('',(0.0332864143130974,0.0327016877987055,0.0108191587703949));
#4715=CARTESIAN_POINT('',(0.031845,0.0301983465691004,0.));
#4716=CARTESIAN_POINT('',(0.030715,0.0275602382755927,0.0157));
#4717=CARTESIAN_POINT('',(0.030715,0.0275602382755927,0.0049));
#4718=CARTESIAN_POINT('',(0.030715,0.026884629982085,0.0049));
#4719=CARTESIAN_POINT('',(0.030715,0.026884629982085,0.0049));
#4720=CARTESIAN_POINT('',(0.030715,0.0321608465691004,0.01136));
#4721=CARTESIAN_POINT('',(0.030715,0.0275602382755927,0.));
#4722=CARTESIAN_POINT('',(0.0178621982603174,0.0126098465691004,0.0157));
#4723=CARTESIAN_POINT('',(0.0178621982603174,0.0113532004878099,0.0049));
#4724=CARTESIAN_POINT('',(0.0178621982603174,0.0113532004878099,0.0049));
#4725=CARTESIAN_POINT('',(0.0178621982603174,0.0103088465691004,0.0157));
#4726=CARTESIAN_POINT('',(0.0178621982603174,0.0103088465691004,0.));
#4727=CARTESIAN_POINT('',(0.0178621982603174,0.0126098465691004,0.));
#4728=CARTESIAN_POINT('',(0.0178621982603174,0.0149108465691004,0.));
#4729=CARTESIAN_POINT('',(0.0178621982603174,0.0149108465691004,0.0157));
#4730=CARTESIAN_POINT('',(0.0178621982603174,0.0142778865993023,0.0049));
#4731=CARTESIAN_POINT('',(0.0178621982603174,0.0142778865993023,0.0049));
#4732=CARTESIAN_POINT('',(0.0178621982603174,0.0126098465691004,0.0049));
#4733=CARTESIAN_POINT('',(0.0127760991301587,0.0149108465691004,0.0157));
#4734=CARTESIAN_POINT('',(0.0127760991301587,0.0149108465691004,0.));
#4735=CARTESIAN_POINT('',(0.00769,0.0149108465691004,0.));
#4736=CARTESIAN_POINT('',(0.00769,0.0149108465691004,0.0157));
#4737=CARTESIAN_POINT('',(0.00769,0.0270278744383645,0.0157));
#4738=CARTESIAN_POINT('',(0.00769,0.0300680714938137,0.0157));
#4739=CARTESIAN_POINT('',(0.00769,0.0300680714938137,0.0134527750752866));
#4740=CARTESIAN_POINT('',(0.00769,0.0300680714938137,0.));
#4741=CARTESIAN_POINT('',(0.00769,0.0278208465691005,0.0157));
#4742=CARTESIAN_POINT('',(0.00769,0.0270278744383645,0.));
#4743=CARTESIAN_POINT('',(0.00664361246235665,0.0311144590314571,0.0157));
#4744=CARTESIAN_POINT('',(0.00559722492471337,0.0321608465691004,0.0157));
#4745=CARTESIAN_POINT('',(0.00559722492471337,0.0321608465691004,0.01136));
#4746=CARTESIAN_POINT('',(0.00559722492471337,0.0321608465691004,0.));
#4747=CARTESIAN_POINT('',(0.00774148328314221,0.0300165882106715,0.0135042583584288));
#4748=CARTESIAN_POINT('',(0.00664361246235665,0.0311144590314571,0.));
#4749=CARTESIAN_POINT('',(0.00406861246235669,0.0321608465691004,0.0157));
#4750=CARTESIAN_POINT('',(0.00254,0.0321608465691005,0.0157));
#4751=CARTESIAN_POINT('',(0.00254,0.0321608465691005,0.01136));
#4752=CARTESIAN_POINT('',(0.00254,0.0321608465691005,0.));
#4753=CARTESIAN_POINT('',(0.00559722492471337,0.0321608465691004,0.01136));
#4754=CARTESIAN_POINT('',(0.00406861246235669,0.0321608465691004,0.));
#4755=CARTESIAN_POINT('',(0.00254,0.0301983465691004,0.0157));
#4756=CARTESIAN_POINT('',(0.00254,0.0282358465691004,0.0157));
#4757=CARTESIAN_POINT('',(0.00254,0.0282358465691004,0.015285));
#4758=CARTESIAN_POINT('',(0.00254,0.0282358465691004,0.));
#4759=CARTESIAN_POINT('',(0.00254,0.0278208465691005,0.0157));
#4760=CARTESIAN_POINT('',(0.00254,0.0301983465691004,0.));
#4761=CARTESIAN_POINT('',(0.00373923294192933,0.0258199023076076,0.0157));
#4762=CARTESIAN_POINT('',(0.00373923294192933,0.0258199023076076,3.46944695195361E-18));
#4763=CARTESIAN_POINT('',(0.00344690554085773,0.0267628033360946,0.0157));
#4764=CARTESIAN_POINT('',(0.00344690554085773,0.0267628033360946,3.46944695195361E-18));
#4765=CARTESIAN_POINT('',(0.00303454154766053,0.0275935413755353,0.0157));
#4766=CARTESIAN_POINT('',(0.00303454154766053,0.0275935413755353,3.46944695195361E-18));
#4767=CARTESIAN_POINT('',(0.00253999999999996,0.0282358465691004,0.0157));
#4768=CARTESIAN_POINT('',(0.00253999999999996,0.0282358465691004,3.46944695195361E-18));
#4769=CARTESIAN_POINT('',(0.00283170372153838,0.0278208465691005,0.0157));
#4770=CARTESIAN_POINT('',(0.00274126180641591,0.0279615671841553,0.0155592793849452));
#4771=CARTESIAN_POINT('',(0.00264453419611736,0.0281000786899627,0.0154207678791377));
#4772=CARTESIAN_POINT('',(0.00253999999999997,0.0282358465691004,0.015285));
#4773=CARTESIAN_POINT('',(-2.24890880333989E-5,0.0223273340624613,0.));
#4774=CARTESIAN_POINT('',(0.00373923294192932,0.0258199023076076,0.));
#4775=CARTESIAN_POINT('',(0.00373923294192932,0.0258199023076076,0.0157));
#4776=CARTESIAN_POINT('',(0.00373923294192931,0.0223273340624613,0.0157));
#4777=CARTESIAN_POINT('',(0.00373923294192931,0.0223273340624613,0.));
#4778=CARTESIAN_POINT('',(0.00373923294192931,0.0188347658173149,0.0157));
#4779=CARTESIAN_POINT('',(1.67752347192893E-15,0.0149108465691004,0.0157));
#4780=CARTESIAN_POINT('',(1.67752347192893E-15,0.0149108465691004,0.));
#4781=CARTESIAN_POINT('',(-1.04259387027717E-6,0.014910846789285,0.));
#4782=CARTESIAN_POINT('',(-1.04259387027717E-6,0.014910846789285,0.0157));
#4783=CARTESIAN_POINT('',(0.000189299968897751,0.0188347658174942,0.0157));
#4784=CARTESIAN_POINT('',(0.000189299968897751,0.0188347658174942,0.0049));
#4785=CARTESIAN_POINT('',(-0.00251755417360749,0.0159876073248308,0.0049));
#4786=CARTESIAN_POINT('',(-0.00373923294192929,0.0188347658173149,0.0049));
#4787=CARTESIAN_POINT('',(-0.00251755417360749,0.0159876073248308,0.0049));
#4788=CARTESIAN_POINT('',(0.000189299968897751,0.0188347658174942,0.));
#4789=CARTESIAN_POINT('',(-0.00373923294192929,0.0188347658173149,0.));
#4790=CARTESIAN_POINT('',(-0.00373923294192929,0.0188347658173149,0.0157));
#4791=CARTESIAN_POINT('',(-0.00373923294192928,0.0223273340624613,0.0157));
#4792=CARTESIAN_POINT('',(-0.00373923294192928,0.0223273340624613,0.));
#4793=CARTESIAN_POINT('',(-0.00373923294192928,0.0258199023076077,0.));
#4794=CARTESIAN_POINT('',(-0.00373923294192928,0.0258199023076077,0.0157));
#4795=CARTESIAN_POINT('',(-0.00373923294192929,0.0188347658173149,0.0157));
#4796=CARTESIAN_POINT('',(-0.00253999999999994,0.0282358465691004,0.0157));
#4797=CARTESIAN_POINT('',(-0.00253999999999994,0.0282358465691004,0.));
#4798=CARTESIAN_POINT('',(-0.00303454154766049,0.0275935413755353,0.0157));
#4799=CARTESIAN_POINT('',(-0.00303454154766049,0.0275935413755353,0.));
#4800=CARTESIAN_POINT('',(-0.00344690554085768,0.0267628033360947,0.0157));
#4801=CARTESIAN_POINT('',(-0.00344690554085768,0.0267628033360947,0.));
#4802=CARTESIAN_POINT('',(-0.00373923294192927,0.0258199023076077,0.0157));
#4803=CARTESIAN_POINT('',(-0.00373923294192927,0.0258199023076077,0.));
#4804=CARTESIAN_POINT('',(-0.00254,0.0282358465691004,0.0157));
#4805=CARTESIAN_POINT('',(-0.00254,0.0282358465691004,0.015285));
#4806=CARTESIAN_POINT('',(-0.00254,0.0282358465691004,0.));
#4807=CARTESIAN_POINT('',(-0.00254,0.0282358465691004,0.015285));
#4808=CARTESIAN_POINT('',(-0.00264453419611739,0.0281000786899627,0.0154207678791377));
#4809=CARTESIAN_POINT('',(-0.00274126180641589,0.0279615671841552,0.0155592793849452));
#4810=CARTESIAN_POINT('',(-0.00283170372153835,0.0278208465691005,0.0157));
#4811=CARTESIAN_POINT('',(2.24890880334231E-5,0.0223273340624613,0.));
#4812=CARTESIAN_POINT('',(-0.00254,0.0301983465691004,0.0157));
#4813=CARTESIAN_POINT('',(-0.00254,0.0321608465691005,0.0157));
#4814=CARTESIAN_POINT('',(-0.00254,0.0321608465691005,0.01136));
#4815=CARTESIAN_POINT('',(-0.00254,0.0321608465691005,0.));
#4816=CARTESIAN_POINT('',(-0.00254,0.0290095965691004,0.01451125));
#4817=CARTESIAN_POINT('',(-0.00254,0.0301983465691004,0.));
#4818=CARTESIAN_POINT('',(-0.00406861246235669,0.0321608465691004,0.0157));
#4819=CARTESIAN_POINT('',(-0.00559722492471333,0.0321608465691004,0.0157));
#4820=CARTESIAN_POINT('',(-0.00559722492471333,0.0321608465691004,0.01136));
#4821=CARTESIAN_POINT('',(-0.00559722492471333,0.0321608465691004,0.));
#4822=CARTESIAN_POINT('',(-0.00406861246235669,0.0321608465691004,0.01136));
#4823=CARTESIAN_POINT('',(-0.00406861246235669,0.0321608465691004,0.));
#4824=CARTESIAN_POINT('',(-0.00664361246235666,0.0311144590314571,0.0157));
#4825=CARTESIAN_POINT('',(-0.00769,0.0300680714938137,0.0157));
#4826=CARTESIAN_POINT('',(-0.00769,0.0300680714938137,0.0134527750752866));
#4827=CARTESIAN_POINT('',(-0.00769,0.0300680714938137,0.));
#4828=CARTESIAN_POINT('',(-0.00508768743726107,0.0326703840565526,0.0108504625125478));
#4829=CARTESIAN_POINT('',(-0.00664361246235666,0.0311144590314571,0.));
#4830=CARTESIAN_POINT('',(-0.00769,0.0291519590314571,0.0157));
#4831=CARTESIAN_POINT('',(-0.00769,0.0284864028002788,0.0150344437688217));
#4832=CARTESIAN_POINT('',(-0.00769,0.0291519590314571,0.));
#4833=CARTESIAN_POINT('',(-0.030715,0.0275602382755927,0.0157));
#4834=CARTESIAN_POINT('',(-0.030715,0.026884629982085,0.0049));
#4835=CARTESIAN_POINT('',(-0.030715,0.026884629982085,0.0049));
#4836=CARTESIAN_POINT('',(-0.030715,0.0275602382755927,0.0049));
#4837=CARTESIAN_POINT('',(-0.030715,0.0275602382755927,0.));
#4838=CARTESIAN_POINT('',(-0.030715,0.0282358465691004,0.));
#4839=CARTESIAN_POINT('',(-0.030715,0.0282358465691004,0.0157));
#4840=CARTESIAN_POINT('',(-0.030715,0.0282358465691004,0.015285));
#4841=CARTESIAN_POINT('',(-0.030715,0.0276905424223466,0.0158303041467539));
#4842=CARTESIAN_POINT('',(-0.031845,0.0301983465691004,0.0157));
#4843=CARTESIAN_POINT('',(-0.032975,0.0321608465691004,0.0157));
#4844=CARTESIAN_POINT('',(-0.032975,0.0321608465691004,0.01136));
#4845=CARTESIAN_POINT('',(-0.032975,0.0321608465691004,0.));
#4846=CARTESIAN_POINT('',(-0.0312578538706,0.0291786348178194,0.014342211751281));
#4847=CARTESIAN_POINT('',(-0.031845,0.0301983465691004,0.));
#4848=CARTESIAN_POINT('',(-0.035165,0.0321608465691004,0.0157));
#4849=CARTESIAN_POINT('',(-0.037355,0.0321608465691004,0.0157));
#4850=CARTESIAN_POINT('',(-0.037355,0.0321608465691004,0.01136));
#4851=CARTESIAN_POINT('',(-0.037355,0.0321608465691004,0.));
#4852=CARTESIAN_POINT('',(-0.032975,0.0321608465691004,0.01136));
#4853=CARTESIAN_POINT('',(-0.035165,0.0321608465691004,0.));
#4854=CARTESIAN_POINT('',(-0.038485,0.0301983465691004,0.0157));
#4855=CARTESIAN_POINT('',(-0.0390721461294,0.0291786348178194,0.014342211751281));
#4856=CARTESIAN_POINT('',(-0.038485,0.0301983465691004,0.));
#4857=CARTESIAN_POINT('',(-0.039615,0.027027874438354,0.0157));
#4858=CARTESIAN_POINT('',(-0.039615,-0.0167861943878822,0.0329));
#4859=CARTESIAN_POINT('',(-0.039615,0.027027874438354,0.));
#4860=CARTESIAN_POINT('',(-0.039615,-0.0319941534308996,0.));
#4861=CARTESIAN_POINT('',(-0.039615,-0.0319941534308996,0.0157));
#4862=CARTESIAN_POINT('',(-0.039615,-0.0319941534308996,0.015285));
#4863=CARTESIAN_POINT('',(-0.039615,-0.0315791534308996,0.0157));
#4864=CARTESIAN_POINT('',(-0.038485,-0.0339566534308996,0.0157));
#4865=CARTESIAN_POINT('',(-0.037355,-0.0359191534308997,0.0157));
#4866=CARTESIAN_POINT('',(-0.037355,-0.0359191534308997,0.01136));
#4867=CARTESIAN_POINT('',(-0.037355,-0.0359191534308997,0.));
#4868=CARTESIAN_POINT('',(-0.0341867900489577,-0.0414214649609179,0.00585768846998178));
#4869=CARTESIAN_POINT('',(-0.038485,-0.0339566534308996,0.));
#4870=CARTESIAN_POINT('',(-0.035165,-0.0359191534308997,0.0157));
#4871=CARTESIAN_POINT('',(-0.032975,-0.0359191534308997,0.0157));
#4872=CARTESIAN_POINT('',(-0.032975,-0.0359191534308997,0.01136));
#4873=CARTESIAN_POINT('',(-0.032975,-0.0359191534308997,0.));
#4874=CARTESIAN_POINT('',(-0.037355,-0.0359191534308997,0.01136));
#4875=CARTESIAN_POINT('',(-0.035165,-0.0359191534308997,0.));
#4876=CARTESIAN_POINT('',(-0.031845,-0.0339566534308996,0.0157));
#4877=CARTESIAN_POINT('',(-0.030715,-0.0319941534308996,0.0157));
#4878=CARTESIAN_POINT('',(-0.030715,-0.0319941534308996,0.015285));
#4879=CARTESIAN_POINT('',(-0.030715,-0.0319941534308996,0.));
#4880=CARTESIAN_POINT('',(-0.0261424023528037,-0.0240528057471626,0.023226347683737));
#4881=CARTESIAN_POINT('',(-0.031845,-0.0339566534308996,0.));
#4882=CARTESIAN_POINT('',(-0.030715,-0.031318545137392,0.0157));
#4883=CARTESIAN_POINT('',(-0.030715,-0.031318545137392,0.0049));
#4884=CARTESIAN_POINT('',(-0.030715,-0.0306429368438844,0.0049));
#4885=CARTESIAN_POINT('',(-0.030715,-0.0306429368438844,0.0049));
#4886=CARTESIAN_POINT('',(-0.030715,-0.0315791534308996,0.0157));
#4887=CARTESIAN_POINT('',(-0.030715,-0.031318545137392,0.));
#4888=CARTESIAN_POINT('',(-0.00769,-0.0307861813001533,0.0157));
#4889=CARTESIAN_POINT('',(-0.00769,-0.0338263783556131,0.0157));
#4890=CARTESIAN_POINT('',(-0.00769,-0.0338263783556131,0.0134527750752865));
#4891=CARTESIAN_POINT('',(-0.00769,-0.0338263783556131,0.));
#4892=CARTESIAN_POINT('',(-0.00769,-0.0315791534308996,0.0157));
#4893=CARTESIAN_POINT('',(-0.00769,-0.0307861813001533,0.));
#4894=CARTESIAN_POINT('',(-0.00664361246235666,-0.0348727658932563,0.0157));
#4895=CARTESIAN_POINT('',(-0.00559722492471333,-0.0359191534308997,0.0157));
#4896=CARTESIAN_POINT('',(-0.00559722492471333,-0.0359191534308997,0.01136));
#4897=CARTESIAN_POINT('',(-0.00559722492471333,-0.0359191534308997,0.));
#4898=CARTESIAN_POINT('',(-0.00774148328314224,-0.0337748950724708,0.0135042583584288));
#4899=CARTESIAN_POINT('',(-0.00664361246235666,-0.0348727658932563,0.));
#4900=CARTESIAN_POINT('',(-0.00406861246235669,-0.0359191534308997,0.0157));
#4901=CARTESIAN_POINT('',(-0.00254,-0.0359191534308997,0.0157));
#4902=CARTESIAN_POINT('',(-0.00254,-0.0359191534308997,0.01136));
#4903=CARTESIAN_POINT('',(-0.00254,-0.0359191534308997,0.));
#4904=CARTESIAN_POINT('',(-0.00559722492471333,-0.0359191534308997,0.01136));
#4905=CARTESIAN_POINT('',(-0.00406861246235669,-0.0359191534308997,0.));
#4906=CARTESIAN_POINT('',(-0.0288621982603173,-0.00187915343089964,0.0157));
#4907=CARTESIAN_POINT('',(-0.0288621982603173,-0.00187915343089964,0.006));
#4908=CARTESIAN_POINT('',(-0.0279871982603173,-0.00187915343089964,0.006));
#4909=CARTESIAN_POINT('',(-0.0303471982603173,0.00447084656910035,0.0157));
#4910=CARTESIAN_POINT('',(-0.0303471982603173,0.00447084656910035,0.006));
#4911=CARTESIAN_POINT('',(-0.0291971982603174,0.00447084656910035,0.006));
#4912=CARTESIAN_POINT('',(-0.0303471982603173,-0.00822915343089965,0.0157));
#4913=CARTESIAN_POINT('',(-0.0303471982603173,-0.00822915343089965,0.006));
#4914=CARTESIAN_POINT('',(-0.0291971982603174,-0.00822915343089965,0.006));
#4915=CARTESIAN_POINT('',(-0.00571461647096464,0.0249199023076077,0.0157));
#4916=CARTESIAN_POINT('',(-0.00571461647096464,0.0249199023076077,0.006));
#4917=CARTESIAN_POINT('',(-0.00483961647096464,0.0249199023076077,0.006));
#4918=CARTESIAN_POINT('',(-0.00571461647096465,-0.0286782091694069,0.0157));
#4919=CARTESIAN_POINT('',(-0.00571461647096465,-0.0286782091694069,0.006));
#4920=CARTESIAN_POINT('',(-0.00483961647096465,-0.0286782091694069,0.006));
#4921=CARTESIAN_POINT('',(0.00571461647096462,-0.0286782091694069,0.0157));
#4922=CARTESIAN_POINT('',(0.00571461647096462,-0.0286782091694069,0.006));
#4923=CARTESIAN_POINT('',(0.00658961647096462,-0.0286782091694069,0.006));
#4924=CARTESIAN_POINT('',(0.0288621982603173,-0.00187915343089964,0.0157));
#4925=CARTESIAN_POINT('',(0.0288621982603173,-0.00187915343089964,0.006));
#4926=CARTESIAN_POINT('',(0.0297371982603174,-0.00187915343089964,0.006));
#4927=CARTESIAN_POINT('',(0.0303471982603173,0.00447084656910035,0.0157));
#4928=CARTESIAN_POINT('',(0.0303471982603173,0.00447084656910035,0.006));
#4929=CARTESIAN_POINT('',(0.0314971982603173,0.00447084656910035,0.006));
#4930=CARTESIAN_POINT('',(0.0303471982603173,-0.00822915343089965,0.0157));
#4931=CARTESIAN_POINT('',(0.0303471982603173,-0.00822915343089965,0.006));
#4932=CARTESIAN_POINT('',(0.0314971982603173,-0.00822915343089965,0.006));
#4933=CARTESIAN_POINT('',(0.0361318425572448,-0.0161291534308998,0.0157));
#4934=CARTESIAN_POINT('',(0.0361318425572448,-0.0161291534308998,0.00127));
#4935=CARTESIAN_POINT('',(0.0386718425572448,-0.0161291534308998,0.00127));
#4936=CARTESIAN_POINT('',(0.0361318425572448,-0.0161291534308998,0.0049));
#4937=CARTESIAN_POINT('',(0.0345486951858725,-0.0181154173611257,0.0049));
#4938=CARTESIAN_POINT('',(0.0339711290339783,-0.0147938942536712,0.0049));
#4939=CARTESIAN_POINT('',(0.0345486951858725,-0.0181154173611257,0.0049));
#4940=CARTESIAN_POINT('',(0.0339711290339783,-0.0147938942536712,0.0049));
#4941=CARTESIAN_POINT('',(-0.033615,0.0123708465691004,0.0157));
#4942=CARTESIAN_POINT('',(-0.033615,0.0123708465691004,0.00127));
#4943=CARTESIAN_POINT('',(-0.0310796639609544,0.0123708465691004,0.00127));
#4944=CARTESIAN_POINT('',(-0.033615,0.0123708465691004,0.0049));
#4945=CARTESIAN_POINT('',(-0.035924475133366,0.0113247808736265,0.0049));
#4946=CARTESIAN_POINT('',(-0.0360637192594764,0.0130278875260829,0.0049));
#4947=CARTESIAN_POINT('',(-0.035924475133366,0.0113247808736265,0.0049));
#4948=CARTESIAN_POINT('',(-0.0335216802882216,0.00983535416613489,0.0049));
#4949=CARTESIAN_POINT('',(-0.0335217147352442,0.00983629009020084,0.0049));
#4950=CARTESIAN_POINT('',(-0.033615,0.0123708465691004,0.0049));
#4951=CARTESIAN_POINT('',(-0.0337455309927464,0.0149028202045903,0.0049));
#4952=CARTESIAN_POINT('',(-0.0337455309927464,0.0149028202045903,0.0049));
#4953=CARTESIAN_POINT('',(-0.0360637192594764,0.0130278875260829,0.0049));
#4954=CARTESIAN_POINT('',(-0.00254,-0.0339566534308997,0.0157));
#4955=CARTESIAN_POINT('',(-0.00254,-0.0315791534308996,0.0157));
#4956=CARTESIAN_POINT('',(-0.00254,-0.0339566534308997,0.));
#4957=CARTESIAN_POINT('',(0.00571461647096464,0.0249199023076077,0.0157));
#4958=CARTESIAN_POINT('',(0.00571461647096464,0.0249199023076077,0.006));
#4959=CARTESIAN_POINT('',(0.00658961647096464,0.0249199023076077,0.006));
#4960=CARTESIAN_POINT('',(0.,-0.00187915343089961,0.));
#4961=CARTESIAN_POINT('',(-0.0382732674479484,-0.0076295672569345,0.));
#4962=CARTESIAN_POINT('',(0.0221121982603173,0.0103088465691004,0.));
#4963=CARTESIAN_POINT('',(-0.033615,0.0123708465691004,0.));
#4964=CARTESIAN_POINT('',(-0.032465,0.0123708465691004,0.));
#4965=CARTESIAN_POINT('',(0.0361318425572448,-0.0161291534308998,0.));
#4966=CARTESIAN_POINT('',(0.0372818425572448,-0.0161291534308998,0.));
#4967=CARTESIAN_POINT('',(-0.033615,-0.0161291534308998,0.));
#4968=CARTESIAN_POINT('',(-0.032465,-0.0161291534308998,0.));
#4969=CARTESIAN_POINT('',(0.0361318425572448,0.0123708465691004,0.));
#4970=CARTESIAN_POINT('',(0.0372818425572448,0.0123708465691004,0.));
#4971=CARTESIAN_POINT('',(0.,0.0278208465691005,0.0157));
#4972=CARTESIAN_POINT('',(5.39273763680615E-16,0.0278208465691005,0.0157));
#4973=CARTESIAN_POINT('',(-0.00406861246235669,0.0321608465691004,0.01136));
#4974=CARTESIAN_POINT('',(0.035165,0.0321608465691004,0.01136));
#4975=CARTESIAN_POINT('',(0.035165,-0.0359191534308997,0.01136));
#4976=CARTESIAN_POINT('',(0.0040686124623569,-0.0359191534308997,0.01136));
#4977=CARTESIAN_POINT('',(0.,-0.0315791534308996,0.0157));
#4978=CARTESIAN_POINT('',(0.,-0.0315791534308996,0.0157));
#4979=CARTESIAN_POINT('',(-0.0315422146310968,0.026884629982085,0.0049));
#4980=CARTESIAN_POINT('',(-0.0323694292621937,0.026884629982085,0.0049));
#4981=CARTESIAN_POINT('',(-0.0323694292621937,0.026884629982085,0.0049));
#4982=CARTESIAN_POINT('',(-0.0315422146310968,0.026884629982085,0.0049));
#4983=CARTESIAN_POINT('',(-0.0323694292621937,0.0255085282515324,0.0049));
#4984=CARTESIAN_POINT('',(-0.0337455309927464,0.0255085282515324,0.0049));
#4985=CARTESIAN_POINT('',(-0.0337455309927464,0.0255085282515324,0.0049));
#4986=CARTESIAN_POINT('',(-0.0323694292621937,0.0255085282515324,0.0049));
#4987=CARTESIAN_POINT('',(-0.0337455309927464,0.0202056742280614,0.0049));
#4988=CARTESIAN_POINT('',(-0.0337455309927464,0.0202056742280614,0.0049));
#4989=CARTESIAN_POINT('',(-0.03352257861566,0.00983371245343458,0.0049));
#4990=CARTESIAN_POINT('',(-0.03352257861566,0.00983371245343458,0.0157));
#4991=CARTESIAN_POINT('',(-0.0331628146145679,0.00963685348201846,0.0049));
#4992=CARTESIAN_POINT('',(-0.0331628146145679,0.00963685348201846,0.0157));
#4993=CARTESIAN_POINT('',(-0.0324432765421282,0.00924396502567828,0.0049));
#4994=CARTESIAN_POINT('',(-0.0324432765421282,0.00924396502567828,0.0157));
#4995=CARTESIAN_POINT('',(-0.0313948436834015,0.0088415941828782,0.0049));
#4996=CARTESIAN_POINT('',(-0.0313948436834015,0.0088415941828782,0.0157));
#4997=CARTESIAN_POINT('',(-0.0304096084842077,0.008829834728722,0.0049));
#4998=CARTESIAN_POINT('',(-0.0304096084842077,0.008829834728722,0.0157));
#4999=CARTESIAN_POINT('',(-0.0295148852337032,0.00934460551148018,0.0049));
#5000=CARTESIAN_POINT('',(-0.0295148852337032,0.00934460551148018,0.0157));
#5001=CARTESIAN_POINT('',(-0.0286838695604124,0.00987626294329664,0.0049));
#5002=CARTESIAN_POINT('',(-0.0286838695604124,0.00987626294329664,0.0157));
#5003=CARTESIAN_POINT('',(-0.02789155948417,0.00985504769282427,0.0049));
#5004=CARTESIAN_POINT('',(-0.02789155948417,0.00985504769282427,0.0157));
#5005=CARTESIAN_POINT('',(-0.0271210701178338,0.00923685175546006,0.0049));
#5006=CARTESIAN_POINT('',(-0.0271210701178338,0.00923685175546006,0.0157));
#5007=CARTESIAN_POINT('',(-0.0266151744566012,0.0086543333010692,0.0049));
#5008=CARTESIAN_POINT('',(-0.0266151744566012,0.0086543333010692,0.0157));
#5009=CARTESIAN_POINT('',(-0.0263621982603173,0.00836174409058888,0.0049));
#5010=CARTESIAN_POINT('',(-0.0263621982603173,0.00836174409058888,0.0157));
#5011=CARTESIAN_POINT('',(-0.0336068744967544,0.00987983824811241,0.0049));
#5012=CARTESIAN_POINT('',(-0.033578100134024,0.0098640932279518,0.0049));
#5013=CARTESIAN_POINT('',(-0.0335493257712937,0.00984834820779119,0.0049));
#5014=CARTESIAN_POINT('',(-0.0335205514085632,0.00983260318763058,0.0049));
#5015=CARTESIAN_POINT('',(-0.0324759077806794,0.00926098548975802,0.0049));
#5016=CARTESIAN_POINT('',(-0.0305261488943572,0.0081975115192178,0.0049));
#5017=CARTESIAN_POINT('',(-0.0283033787462747,0.0106066166324513,0.0049));
#5018=CARTESIAN_POINT('',(-0.0270146823329328,0.00911639928132199,0.0049));
#5019=CARTESIAN_POINT('',(-0.0263621982603173,0.00836174409058888,0.0049));
#5020=CARTESIAN_POINT('',(-0.0263621982603173,-0.0130936021916439,0.0049));
#5021=CARTESIAN_POINT('',(-0.0263621982603173,0.0106289364190979,0.0049));
#5022=CARTESIAN_POINT('',(-0.0263621982603173,0.0106289364190979,0.0049));
#5023=CARTESIAN_POINT('',(-0.0263621982603173,-0.0130936021916439,0.0049));
#5024=CARTESIAN_POINT('',(0.,-0.00187915343089961,0.0049));
#5025=CARTESIAN_POINT('',(-0.0256379341916054,0.0106289364190979,0.0049));
#5026=CARTESIAN_POINT('',(-0.0256379341916054,0.0113532004878099,0.0049));
#5027=CARTESIAN_POINT('',(-0.016086735532764,0.0113532004878099,0.0049));
#5028=CARTESIAN_POINT('',(-0.0065355368739226,0.0113532004878099,0.0049));
#5029=CARTESIAN_POINT('',(-0.00452654552376504,0.0136704039063203,0.0049));
#5030=CARTESIAN_POINT('',(-0.00554893935874716,0.0167474208940917,0.0049));
#5031=CARTESIAN_POINT('',(-0.00735864577556502,0.0146600759708685,0.0049));
#5032=CARTESIAN_POINT('',(-0.00819583034486779,0.0153859063165253,0.0049));
#5033=CARTESIAN_POINT('',(-0.00819583034486779,0.0142778865993023,0.0049));
#5034=CARTESIAN_POINT('',(-0.0155603958880229,0.0142778865993023,0.0049));
#5035=CARTESIAN_POINT('',(-0.0229249614311781,0.0142778865993023,0.0049));
#5036=CARTESIAN_POINT('',(-0.0229249614311781,0.0148572978542718,0.0049));
#5037=CARTESIAN_POINT('',(-0.0235043726861477,0.0148572978542718,0.0049));
#5038=CARTESIAN_POINT('',(-0.0235043726861477,0.0148840722116861,0.0049));
#5039=CARTESIAN_POINT('',(-0.0382732674479484,-0.0076295672569345,0.0329));
#5040=CARTESIAN_POINT('',(-0.0378393596297382,0.0130278875260829,0.0049));
#5041=CARTESIAN_POINT('',(-0.0378393596297382,0.0130278875260829,0.0049));
#5042=CARTESIAN_POINT('',(-0.0374343044286701,0.0113247808736265,0.0049));
#5043=CARTESIAN_POINT('',(-0.0374343044286701,0.0113247808736265,0.0049));
#5044=CARTESIAN_POINT('',(0.,-0.00187915343089961,0.0049));
#5045=CARTESIAN_POINT('',(-0.0378393596297382,-0.0167861943878822,0.0049));
#5046=CARTESIAN_POINT('',(-0.0378393596297382,-0.0167861943878822,0.0049));
#5047=CARTESIAN_POINT('',(-0.0374343044286701,-0.0150830877354258,0.0049));
#5048=CARTESIAN_POINT('',(-0.0374343044286701,-0.0150830877354258,0.0049));
#5049=CARTESIAN_POINT('',(0.,-0.00187915343089961,0.0049));
#5050=CARTESIAN_POINT('',(-0.0263621982603173,-0.0183530159200413,0.0049));
#5051=CARTESIAN_POINT('',(-0.0263621982603173,-0.0180368784091827,0.0049));
#5052=CARTESIAN_POINT('',(-0.0263621982603173,-0.0180368784091827,0.0049));
#5053=CARTESIAN_POINT('',(-0.0263621982603173,-0.0183530159200413,0.0049));
#5054=CARTESIAN_POINT('',(-0.0335205514085632,-0.0135909100494299,0.0049));
#5055=CARTESIAN_POINT('',(-0.0335205514085632,-0.0135909100494299,0.0157));
#5056=CARTESIAN_POINT('',(-0.0331608718744336,-0.0133940972974222,0.0049));
#5057=CARTESIAN_POINT('',(-0.0331608718744336,-0.0133940972974222,0.0157));
#5058=CARTESIAN_POINT('',(-0.032441522569952,-0.0130014281490364,0.0049));
#5059=CARTESIAN_POINT('',(-0.032441522569952,-0.0130014281490364,0.0157));
#5060=CARTESIAN_POINT('',(-0.0313934067687578,-0.012599568563293,0.0049));
#5061=CARTESIAN_POINT('',(-0.0313934067687578,-0.012599568563293,0.0157));
#5062=CARTESIAN_POINT('',(-0.0304085139670509,-0.012588540319512,0.0049));
#5063=CARTESIAN_POINT('',(-0.0304085139670509,-0.012588540319512,0.0157));
#5064=CARTESIAN_POINT('',(-0.0295140844685238,-0.0131034884596432,0.0049));
#5065=CARTESIAN_POINT('',(-0.0295140844685238,-0.0131034884596432,0.0157));
#5066=CARTESIAN_POINT('',(-0.0286833037490189,-0.0136347748737101,0.0049));
#5067=CARTESIAN_POINT('',(-0.0286833037490189,-0.0136347748737101,0.0157));
#5068=CARTESIAN_POINT('',(-0.0278911948962266,-0.0136131173718248,0.0049));
#5069=CARTESIAN_POINT('',(-0.0278911948962266,-0.0136131173718248,0.0157));
#5070=CARTESIAN_POINT('',(-0.0271208920001513,-0.0129949571344874,0.0049));
#5071=CARTESIAN_POINT('',(-0.0271208920001513,-0.0129949571344874,0.0157));
#5072=CARTESIAN_POINT('',(-0.0266151150617458,-0.0124125714674966,0.0049));
#5073=CARTESIAN_POINT('',(-0.0266151150617458,-0.0124125714674966,0.0157));
#5074=CARTESIAN_POINT('',(-0.0263621982603173,-0.0121200509523882,0.0049));
#5075=CARTESIAN_POINT('',(-0.0263621982603173,-0.0121200509523882,0.0157));
#5076=CARTESIAN_POINT('',(-0.0335205514085632,-0.0135909100494299,0.0049));
#5077=CARTESIAN_POINT('',(-0.0324759077806794,-0.0130192923515573,0.0049));
#5078=CARTESIAN_POINT('',(-0.0305261488943572,-0.0119558183810171,0.0049));
#5079=CARTESIAN_POINT('',(-0.0283033787462747,-0.0143649234942506,0.0049));
#5080=CARTESIAN_POINT('',(-0.0270146823329328,-0.0128747061431213,0.0049));
#5081=CARTESIAN_POINT('',(-0.0263621982603173,-0.0121200509523882,0.0049));
#5082=CARTESIAN_POINT('',(-0.0337455309927464,-0.0239639810898607,0.0049));
#5083=CARTESIAN_POINT('',(-0.0337455309927464,-0.0292668351133317,0.0049));
#5084=CARTESIAN_POINT('',(-0.0337455309927464,-0.0292668351133317,0.0049));
#5085=CARTESIAN_POINT('',(-0.0337455309927464,-0.0239639810898607,0.0049));
#5086=CARTESIAN_POINT('',(-0.0323694292621937,-0.0292668351133317,0.0049));
#5087=CARTESIAN_POINT('',(-0.0323694292621937,-0.0306429368438844,0.0049));
#5088=CARTESIAN_POINT('',(-0.0323694292621937,-0.0306429368438844,0.0049));
#5089=CARTESIAN_POINT('',(-0.0323694292621937,-0.0292668351133317,0.0049));
#5090=CARTESIAN_POINT('',(-0.0315422146310968,-0.0306429368438844,0.0049));
#5091=CARTESIAN_POINT('',(-0.0315422146310968,-0.0306429368438844,0.0049));
#5092=CARTESIAN_POINT('',(0.,-0.00187915343089961,0.0049));
#5093=CARTESIAN_POINT('',(-0.0158796007564058,-0.0180368784091827,0.0049));
#5094=CARTESIAN_POINT('',(-0.00539700325249429,-0.0180368784091827,0.0049));
#5095=CARTESIAN_POINT('',(-0.0043542254445643,-0.0194236090323,0.0049));
#5096=CARTESIAN_POINT('',(-0.00345838314930936,-0.0169995976255498,0.0049));
#5097=CARTESIAN_POINT('',(-0.0051170027029044,-0.0147938942536712,0.0049));
#5098=CARTESIAN_POINT('',(-0.0157396004816109,-0.0147938942536712,0.0049));
#5099=CARTESIAN_POINT('',(0.0337455309927464,-0.0239639810898607,0.0049));
#5100=CARTESIAN_POINT('',(0.0337455309927464,-0.0186611270663897,0.0049));
#5101=CARTESIAN_POINT('',(0.0337455309927464,-0.0186611270663897,0.0049));
#5102=CARTESIAN_POINT('',(0.0337455309927464,-0.0239639810898607,0.0049));
#5103=CARTESIAN_POINT('',(0.0337455309927464,-0.0292668351133317,0.0049));
#5104=CARTESIAN_POINT('',(0.0337455309927464,-0.0292668351133317,0.0049));
#5105=CARTESIAN_POINT('',(0.0329805973762168,-0.0166714186514376,0.0049));
#5106=CARTESIAN_POINT('',(0.0329805973762168,-0.0166714186514376,0.0049));
#5107=CARTESIAN_POINT('',(0.0195440658684413,-0.0147938942536712,0.0049));
#5108=CARTESIAN_POINT('',(0.0051170027029044,-0.0147938942536712,0.0049));
#5109=CARTESIAN_POINT('',(0.0051170027029044,-0.0147938942536712,0.0049));
#5110=CARTESIAN_POINT('',(0.0195440658684413,-0.0147938942536712,0.0049));
#5111=CARTESIAN_POINT('',(0.00345838314930936,-0.0169995976255498,0.0049));
#5112=CARTESIAN_POINT('',(0.00345838314930936,-0.0169995976255498,0.0049));
#5113=CARTESIAN_POINT('',(0.0043542254445643,-0.0194236090323,0.0049));
#5114=CARTESIAN_POINT('',(0.00539700325249429,-0.0180368784091827,0.0049));
#5115=CARTESIAN_POINT('',(0.00539700325249429,-0.0180368784091827,0.0049));
#5116=CARTESIAN_POINT('',(0.0043542254445643,-0.0194236090323,0.0049));
#5117=CARTESIAN_POINT('',(0.017008498365277,-0.0180368784091827,0.0049));
#5118=CARTESIAN_POINT('',(0.0286199934780598,-0.0180368784091827,0.0049));
#5119=CARTESIAN_POINT('',(0.0286199934780598,-0.0180368784091827,0.0049));
#5120=CARTESIAN_POINT('',(0.017008498365277,-0.0180368784091827,0.0049));
#5121=CARTESIAN_POINT('',(0.0286199934780598,-0.0183530159200413,0.0049));
#5122=CARTESIAN_POINT('',(0.0286199934780598,-0.0183530159200413,0.0049));
#5123=CARTESIAN_POINT('',(0.0315422146310968,-0.0306429368438844,0.0049));
#5124=CARTESIAN_POINT('',(0.0323694292621937,-0.0306429368438844,0.0049));
#5125=CARTESIAN_POINT('',(0.0323694292621937,-0.0306429368438844,0.0049));
#5126=CARTESIAN_POINT('',(0.0315422146310968,-0.0306429368438844,0.0049));
#5127=CARTESIAN_POINT('',(0.0323694292621937,-0.0292668351133317,0.0049));
#5128=CARTESIAN_POINT('',(0.0323694292621937,-0.0292668351133317,0.0049));
#5129=CARTESIAN_POINT('',(0.,-0.00187915343089961,0.0049));
#5130=CARTESIAN_POINT('',(-0.0157396004816109,-0.0147938942536712,0.0049));
#5131=CARTESIAN_POINT('',(-0.0051170027029044,-0.0147938942536712,0.0049));
#5132=CARTESIAN_POINT('',(-0.0158796007564058,-0.0180368784091827,0.0049));
#5133=CARTESIAN_POINT('',(-0.00539700325249429,-0.0180368784091827,0.0049));
#5134=CARTESIAN_POINT('',(-0.0043542254445643,-0.0194236090323,0.0049));
#5135=CARTESIAN_POINT('',(-0.00345838314930936,-0.0169995976255498,0.0049));
#5136=CARTESIAN_POINT('',(-0.0256379341916054,0.0106289364190979,0.0049));
#5137=CARTESIAN_POINT('',(-0.0256379341916054,0.0113532004878099,0.0049));
#5138=CARTESIAN_POINT('',(-0.016086735532764,0.0113532004878099,0.0049));
#5139=CARTESIAN_POINT('',(-0.0065355368739226,0.0113532004878099,0.0049));
#5140=CARTESIAN_POINT('',(-0.00452654552376504,0.0136704039063203,0.0049));
#5141=CARTESIAN_POINT('',(-0.00554893935874716,0.0167474208940917,0.0049));
#5142=CARTESIAN_POINT('',(-0.00735864577556502,0.0146600759708685,0.0049));
#5143=CARTESIAN_POINT('',(-0.00819583034486779,0.0153859063165253,0.0049));
#5144=CARTESIAN_POINT('',(-0.00819583034486779,0.0142778865993023,0.0049));
#5145=CARTESIAN_POINT('',(-0.0155603958880229,0.0142778865993023,0.0049));
#5146=CARTESIAN_POINT('',(-0.0229249614311781,0.0142778865993023,0.0049));
#5147=CARTESIAN_POINT('',(-0.0229249614311781,0.0148572978542718,0.0049));
#5148=CARTESIAN_POINT('',(-0.0235043726861477,0.0148572978542718,0.0049));
#5149=CARTESIAN_POINT('',(-0.0235043726861477,0.0148840722116861,0.0049));
#5150=CARTESIAN_POINT('',(0.00819583034486779,0.0153859063165253,0.0049));
#5151=CARTESIAN_POINT('',(0.00735864577556502,0.0146600759708685,0.0049));
#5152=CARTESIAN_POINT('',(0.00735864577556502,0.0146600759708685,0.0049));
#5153=CARTESIAN_POINT('',(0.00819583034486779,0.0153859063165253,0.0049));
#5154=CARTESIAN_POINT('',(0.00819583034486778,0.0142778865993023,0.0049));
#5155=CARTESIAN_POINT('',(0.00819583034486778,0.0142778865993023,0.0049));
#5156=CARTESIAN_POINT('',(0.00554893935874716,0.0167474208940917,0.0049));
#5157=CARTESIAN_POINT('',(0.00554893935874716,0.0167474208940917,0.0049));
#5158=CARTESIAN_POINT('',(0.00452654552376504,0.0136704039063203,0.0049));
#5159=CARTESIAN_POINT('',(0.00653553687392259,0.0113532004878099,0.0049));
#5160=CARTESIAN_POINT('',(0.00653553687392259,0.0113532004878099,0.0049));
#5161=CARTESIAN_POINT('',(0.00452654552376504,0.0136704039063203,0.0049));
#5162=CARTESIAN_POINT('',(0.0122087826609932,0.0113532004878099,0.0049));
#5163=CARTESIAN_POINT('',(0.0122087826609932,0.0113532004878099,0.0049));
#5164=CARTESIAN_POINT('',(0.0130290143025926,0.0142778865993023,0.0049));
#5165=CARTESIAN_POINT('',(0.0130290143025926,0.0142778865993023,0.0049));
#5166=CARTESIAN_POINT('',(0.,-0.00187915343089961,0.0049));
#5167=CARTESIAN_POINT('',(0.0315422146310968,0.026884629982085,0.0049));
#5168=CARTESIAN_POINT('',(0.0315422146310968,0.026884629982085,0.0049));
#5169=CARTESIAN_POINT('',(0.0323694292621937,0.026884629982085,0.0049));
#5170=CARTESIAN_POINT('',(0.0323694292621937,0.026884629982085,0.0049));
#5171=CARTESIAN_POINT('',(0.030474523989466,0.0103547619655728,0.0049));
#5172=CARTESIAN_POINT('',(0.030474523989466,0.0103547619655728,0.0049));
#5173=CARTESIAN_POINT('',(0.0329805973762167,0.0129131117896383,0.0049));
#5174=CARTESIAN_POINT('',(0.0337455309927464,0.0149028202045904,0.0049));
#5175=CARTESIAN_POINT('',(0.0337455309927464,0.0149028202045904,0.0049));
#5176=CARTESIAN_POINT('',(0.0329805973762167,0.0129131117896383,0.0049));
#5177=CARTESIAN_POINT('',(0.0337455309927464,0.0202056742280614,0.0049));
#5178=CARTESIAN_POINT('',(0.0337455309927464,0.0255085282515324,0.0049));
#5179=CARTESIAN_POINT('',(0.0337455309927464,0.0255085282515324,0.0049));
#5180=CARTESIAN_POINT('',(0.0337455309927464,0.0202056742280614,0.0049));
#5181=CARTESIAN_POINT('',(0.0323694292621935,0.0255085282515324,0.0049));
#5182=CARTESIAN_POINT('',(0.0323694292621935,0.0255085282515324,0.0049));
#5183=CARTESIAN_POINT('',(0.,-0.00187915343089961,0.0049));
#5184=CARTESIAN_POINT('',(0.0221121982603173,0.0103088465691004,0.0035));
#5185=CARTESIAN_POINT('',(0.0221121982603173,0.0103088465691004,0.0035));
#5186=CARTESIAN_POINT('',(0.,-0.00187915343089961,0.0035));
#5187=CARTESIAN_POINT('',(-0.033615,0.0123708465691004,0.00127));
#5188=CARTESIAN_POINT('',(-0.033615,0.0123708465691004,0.00127));
#5189=CARTESIAN_POINT('',(-0.032465,0.0123708465691004,0.00127));
#5190=CARTESIAN_POINT('',(0.,-0.00187915343089961,0.00127));
#5191=CARTESIAN_POINT('',(0.0361318425572448,-0.0161291534308998,0.00127));
#5192=CARTESIAN_POINT('',(0.0361318425572448,-0.0161291534308998,0.00127));
#5193=CARTESIAN_POINT('',(0.0372818425572448,-0.0161291534308998,0.00127));
#5194=CARTESIAN_POINT('',(0.,-0.00187915343089961,0.00127));
#5195=CARTESIAN_POINT('',(-0.033615,-0.0161291534308998,0.00127));
#5196=CARTESIAN_POINT('',(-0.033615,-0.0161291534308998,0.00127));
#5197=CARTESIAN_POINT('',(-0.032465,-0.0161291534308998,0.00127));
#5198=CARTESIAN_POINT('',(0.,-0.00187915343089961,0.00127));
#5199=CARTESIAN_POINT('',(0.0361318425572448,0.0123708465691004,0.00127));
#5200=CARTESIAN_POINT('',(0.0361318425572448,0.0123708465691004,0.00127));
#5201=CARTESIAN_POINT('',(0.0372818425572448,0.0123708465691004,0.00127));
#5202=CARTESIAN_POINT('',(0.,-0.00187915343089961,0.00127));
#5203=CARTESIAN_POINT('',(0.,-0.00187915343089961,0.006));
#5204=CARTESIAN_POINT('',(0.,-0.00187915343089961,0.006));
#5205=CARTESIAN_POINT('',(0.,-0.00187915343089961,0.006));
#5206=CARTESIAN_POINT('',(0.,-0.00187915343089961,0.006));
#5207=CARTESIAN_POINT('',(0.,-0.00187915343089961,0.006));
#5208=CARTESIAN_POINT('',(0.,-0.00187915343089961,0.006));
#5209=CARTESIAN_POINT('',(0.,-0.00187915343089961,0.006));
#5210=CARTESIAN_POINT('',(0.,-0.00187915343089961,0.006));
#5211=CARTESIAN_POINT('',(0.,-0.00187915343089961,0.006));
#5212=CARTESIAN_POINT('',(0.,-0.00187915343089961,0.006));
#5213=MECHANICAL_DESIGN_GEOMETRIC_PRESENTATION_REPRESENTATION('',(#3117),
#5214);
#5214=(
GEOMETRIC_REPRESENTATION_CONTEXT(3)
GLOBAL_UNCERTAINTY_ASSIGNED_CONTEXT((#5215))
GLOBAL_UNIT_ASSIGNED_CONTEXT((#5218,#5217,#5216))
REPRESENTATION_CONTEXT('Part 1','TOP_LEVEL_ASSEMBLY_PART')
);
#5215=UNCERTAINTY_MEASURE_WITH_UNIT(LENGTH_MEASURE(2.E-5),#5218,
'DISTANCE_ACCURACY_VALUE','Maximum Tolerance applied to model');
#5216=(
NAMED_UNIT(*)
SI_UNIT($,.STERADIAN.)
SOLID_ANGLE_UNIT()
);
#5217=(
NAMED_UNIT(*)
PLANE_ANGLE_UNIT()
SI_UNIT($,.RADIAN.)
);
#5218=(
LENGTH_UNIT()
NAMED_UNIT(*)
SI_UNIT($,.METRE.)
);
#5219=PRODUCT_DEFINITION_SHAPE('','',#5220);
#5220=PRODUCT_DEFINITION('','',#5222,#5221);
#5221=PRODUCT_DEFINITION_CONTEXT('',#5228,'design');
#5222=PRODUCT_DEFINITION_FORMATION_WITH_SPECIFIED_SOURCE('','',#5224,
 .NOT_KNOWN.);
#5223=PRODUCT_RELATED_PRODUCT_CATEGORY('','',(#5224));
#5224=PRODUCT('Part 1','Part 1','Part 1',(#5226));
#5225=PRODUCT_CATEGORY('','');
#5226=PRODUCT_CONTEXT('',#5228,'mechanical');
#5227=APPLICATION_PROTOCOL_DEFINITION('international standard',
'ap242_managed_model_based_3d_engineering',2020,#5228);
#5228=APPLICATION_CONTEXT('managed model based 3d engineering');
ENDSEC;
END-ISO-10303-21;
